$timescale 1ns $end
$scope module tb $end
$var wire 1 c data $end
$upscope $end
$enddefinitions $end
#0
1c
#12
0c
#16
1c
#20
0c
#32
1c
#40
0c
#48
1c
#56
0c
#64
1c
#72
0c
#80
1c
#88
0c
#96
1c
#104
0c
#112
1c
#120
0c
#128
1c
#136
0c
#144
1c
#152
0c
#160
1c
#168
0c
#176
1c
#184
0c
#192
1c
#200
0c
#208
1c
#216
0c
#224
1c
#232
0c
#240
1c
#248
0c
#256
1c
#268
0c
#276
1c
#280
0c
#288
1c
#292
0c
#296
1c
#300
0c
#304
1c
#308
0c
#312
1c
#316
0c
#320
1c
#324
0c
#328
1c
#332
0c
#336
1c
#340
0c
#344
1c
#348
0c
#352
1c
#356
0c
#360
1c
#364
0c
#368
1c
#372
0c
#376
1c
#380
0c
#384
1c
#388
0c
#392
1c
#396
0c
#400
1c
#404
0c
#408
1c
#412
0c
#416
1c
#420
0c
#424
1c
#428
0c
#432
1c
#436
0c
#440
1c
#444
0c
#448
1c
#452
0c
#456
1c
#460
0c
#464
1c
#468
0c
#472
1c
#480
0c
#488
1c
#496
0c
#504
1c
#508
0c
#512
1c
#524
0c
#536
1c
#540
0c
#544
1c
#552
0c
#560
1c
#564
0c
#568
1c
#576
0c
#584
1c
#592
0c
#596
1c
#600
0c
#604
1c
#608
0c
#612
1c
#616
0c
#620
1c
#624
0c
#632
1c
#636
0c
#640
1c
#644
0c
#648
1c
#652
0c
#656
1c
#660
0c
#664
1c
#668
0c
#672
1c
#680
0c
#688
1c
#696
0c
#704
1c
#708
0c
#712
1c
#716
0c
#720
1c
#728
0c
#736
1c
#744
0c
#752
1c
#760
0c
#768
1c
#780
0c
#788
1c
#792
0c
#800
1c
#808
0c
#812
1c
#816
0c
#820
1c
#824
0c
#828
1c
#832
0c
#840
1c
#844
0c
#848
1c
#856
0c
#860
1c
#864
0c
#868
1c
#872
0c
#880
1c
#888
0c
#896
1c
#904
0c
#912
1c
#916
0c
#920
1c
#928
0c
#936
1c
#940
0c
#944
1c
#948
0c
#952
1c
#960
0c
#964
1c
#968
0c
#972
1c
#976
0c
#980
1c
#984
0c
#992
1c
#1000
0c
#1008
1c
#1016
0c
#1024
1c
#1036
0c
#1048
1c
#1052
0c
#1056
1c
#1064
0c
#1072
1c
#1080
0c
#1084
1c
#1088
0c
#1092
1c
#1096
0c
#1100
1c
#1104
0c
#1108
1c
#1112
0c
#1120
1c
#1128
0c
#1132
1c
#1136
0c
#1144
1c
#1152
0c
#1160
1c
#1168
0c
#1176
1c
#1180
0c
#1184
1c
#1192
0c
#1196
1c
#1200
0c
#1208
1c
#1212
0c
#1216
1c
#1220
0c
#1224
1c
#1232
0c
#1236
1c
#1240
0c
#1248
1c
#1256
0c
#1264
1c
#1272
0c
#1280
1c
#1292
0c
#1300
1c
#1304
0c
#1312
1c
#1320
0c
#1328
1c
#1336
0c
#1340
1c
#1344
0c
#1348
1c
#1352
0c
#1356
1c
#1360
0c
#1364
1c
#1368
0c
#1376
1c
#1384
0c
#1388
1c
#1392
0c
#1400
1c
#1408
0c
#1416
1c
#1424
0c
#1432
1c
#1436
0c
#1440
1c
#1448
0c
#1452
1c
#1456
0c
#1464
1c
#1468
0c
#1472
1c
#1476
0c
#1480
1c
#1488
0c
#1492
1c
#1496
0c
#1504
1c
#1512
0c
#1520
1c
#1528
0c
#1536
1c
#1548
0c
#1560
1c
#1564
0c
#1568
1c
#1576
0c
#1580
1c
#1584
0c
#1588
1c
#1592
0c
#1596
1c
#1600
0c
#1608
1c
#1612
0c
#1616
1c
#1624
0c
#1628
1c
#1632
0c
#1636
1c
#1640
0c
#1648
1c
#1656
0c
#1664
1c
#1672
0c
#1680
1c
#1684
0c
#1688
1c
#1696
0c
#1704
1c
#1708
0c
#1712
1c
#1716
0c
#1720
1c
#1728
0c
#1732
1c
#1736
0c
#1740
1c
#1744
0c
#1748
1c
#1752
0c
#1760
1c
#1768
0c
#1776
1c
#1784
0c
#1792
1c
#1804
0c
#1812
1c
#1816
0c
#1824
1c
#1832
0c
#1840
1c
#1844
0c
#1848
1c
#1856
0c
#1864
1c
#1872
0c
#1876
1c
#1880
0c
#1884
1c
#1888
0c
#1892
1c
#1896
0c
#1900
1c
#1904
0c
#1912
1c
#1916
0c
#1920
1c
#1924
0c
#1928
1c
#1932
0c
#1936
1c
#1940
0c
#1944
1c
#1948
0c
#1952
1c
#1960
0c
#1968
1c
#1976
0c
#1984
1c
#1988
0c
#1992
1c
#1996
0c
#2000
1c
#2008
0c
#2016
1c
#2024
0c
#2032
1c
#2040
0c
#2048
1c
#2060
0c
#2072
1c
#2076
0c
#2080
1c
#2084
0c
#2088
1c
#2092
0c
#2096
1c
#2100
0c
#2104
1c
#2108
0c
#2112
1c
#2116
0c
#2120
1c
#2124
0c
#2128
1c
#2132
0c
#2136
1c
#2140
0c
#2144
1c
#2148
0c
#2152
1c
#2156
0c
#2160
1c
#2164
0c
#2168
1c
#2172
0c
#2176
1c
#2180
0c
#2184
1c
#2188
0c
#2192
1c
#2196
0c
#2200
1c
#2204
0c
#2208
1c
#2212
0c
#2216
1c
#2220
0c
#2224
1c
#2228
0c
#2232
1c
#2236
0c
#2240
1c
#2244
0c
#2248
1c
#2252
0c
#2256
1c
#2260
0c
#2264
1c
#2272
0c
#2280
1c
#2288
0c
#2296
1c
#2300
0c
#2304
1c
#2316
0c
#2324
1c
#2328
0c
#2336
1c
#2344
0c
#2352
1c
#2360
0c
#2368
1c
#2376
0c
#2384
1c
#2392
0c
#2400
1c
#2408
0c
#2416
1c
#2424
0c
#2432
1c
#2440
0c
#2448
1c
#2456
0c
#2464
1c
#2472
0c
#2480
1c
#2488
0c
#2496
1c
#2504
0c
#2512
1c
#2520
0c
#2528
1c
#2536
0c
#2544
1c
#2552
0c
#2560
1c
#2572
0c
#2584
1c
#2588
0c
#2592
1c
#2600
0c
#2604
1c
#2608
0c
#2612
1c
#2616
0c
#2620
1c
#2624
0c
#2632
1c
#2636
0c
#2640
1c
#2648
0c
#2652
1c
#2656
0c
#2660
1c
#2664
0c
#2672
1c
#2680
0c
#2688
1c
#2696
0c
#2704
1c
#2708
0c
#2712
1c
#2720
0c
#2728
1c
#2732
0c
#2736
1c
#2740
0c
#2744
1c
#2752
0c
#2756
1c
#2760
0c
#2764
1c
#2768
0c
#2772
1c
#2776
0c
#2784
1c
#2792
0c
#2800
1c
#2808
0c
#2816
1c
#2828
0c
#2836
1c
#2840
0c
#2848
1c
#2856
0c
#2864
1c
#2868
0c
#2872
1c
#2876
0c
#2880
1c
#2884
0c
#2888
1c
#2892
0c
#2896
1c
#2904
0c
#2912
1c
#2920
0c
#2928
1c
#2932
0c
#2936
1c
#2944
0c
#2952
1c
#2960
0c
#2968
1c
#2976
0c
#2980
1c
#2984
0c
#2988
1c
#2992
0c
#2996
1c
#3000
0c
#3004
1c
#3008
0c
#3016
1c
#3024
0c
#3028
1c
#3032
0c
#3036
1c
#3040
0c
#3048
1c
#3056
0c
#3064
1c
#3068
0c
#3072
1c
#3084
0c
#3096
1c
#3100
0c
#3104
1c
#3112
0c
#3120
1c
#3128
0c
#3132
1c
#3136
0c
#3140
1c
#3144
0c
#3148
1c
#3152
0c
#3156
1c
#3160
0c
#3168
1c
#3176
0c
#3180
1c
#3184
0c
#3192
1c
#3200
0c
#3208
1c
#3216
0c
#3224
1c
#3228
0c
#3232
1c
#3240
0c
#3244
1c
#3248
0c
#3256
1c
#3260
0c
#3264
1c
#3268
0c
#3272
1c
#3280
0c
#3284
1c
#3288
0c
#3296
1c
#3304
0c
#3312
1c
#3320
0c
#3328
1c
#3340
0c
#3348
1c
#3352
0c
#3360
1c
#3368
0c
#3376
1c
#3384
0c
#3388
1c
#3392
0c
#3400
1c
#3408
0c
#3416
1c
#3420
0c
#3424
1c
#3428
0c
#3432
1c
#3440
0c
#3444
1c
#3448
0c
#3452
1c
#3456
0c
#3460
1c
#3464
0c
#3468
1c
#3472
0c
#3476
1c
#3480
0c
#3488
1c
#3492
0c
#3496
1c
#3504
0c
#3508
1c
#3512
0c
#3520
1c
#3528
0c
#3532
1c
#3536
0c
#3544
1c
#3548
0c
#3552
1c
#3560
0c
#3568
1c
#3576
0c
#3584
1c
#3596
0c
#3608
1c
#3612
0c
#3616
1c
#3624
0c
#3632
1c
#3636
0c
#3640
1c
#3648
0c
#3656
1c
#3664
0c
#3668
1c
#3672
0c
#3676
1c
#3680
0c
#3684
1c
#3688
0c
#3692
1c
#3696
0c
#3704
1c
#3708
0c
#3712
1c
#3716
0c
#3720
1c
#3724
0c
#3728
1c
#3732
0c
#3736
1c
#3740
0c
#3744
1c
#3752
0c
#3760
1c
#3768
0c
#3776
1c
#3780
0c
#3784
1c
#3788
0c
#3792
1c
#3800
0c
#3808
1c
#3816
0c
#3824
1c
#3832
0c
#3840
1c
#3852
0c
#3860
1c
#3864
0c
#3872
1c
#3880
0c
#3884
1c
#3888
0c
#3896
1c
#3904
0c
#3908
1c
#3912
0c
#3920
1c
#3924
0c
#3928
1c
#3936
0c
#3944
1c
#3948
0c
#3952
1c
#3956
0c
#3960
1c
#3964
0c
#3968
1c
#3972
0c
#3976
1c
#3980
0c
#3984
1c
#3992
0c
#3996
1c
#4000
0c
#4004
1c
#4008
0c
#4016
1c
#4024
0c
#4028
1c
#4032
0c
#4040
1c
#4048
0c
#4056
1c
#4060
0c
#4064
1c
#4072
0c
#4080
1c
#4088
0c
#4096
1c
#4108
0c
#4120
1c
#4124
0c
#4128
1c
#4136
0c
#4144
1c
#4152
0c
#4160
1c
#4168
0c
#4176
1c
#4184
0c
#4192
1c
#4200
0c
#4208
1c
#4216
0c
#4224
1c
#4232
0c
#4240
1c
#4248
0c
#4256
1c
#4264
0c
#4272
1c
#4280
0c
#4288
1c
#4296
0c
#4304
1c
#4312
0c
#4320
1c
#4328
0c
#4336
1c
#4344
0c
#4352
1c
#4364
0c
#4372
1c
#4376
0c
#4384
1c
#4388
0c
#4392
1c
#4400
0c
#4408
1c
#4416
0c
#4424
1c
#4432
0c
#4440
1c
#4448
0c
#4456
1c
#4464
0c
#4472
1c
#4480
0c
#4488
1c
#4496
0c
#4504
1c
#4512
0c
#4520
1c
#4528
0c
#4536
1c
#4544
0c
#4552
1c
#4560
0c
#4568
1c
#4572
0c
#4576
1c
#4584
0c
#4592
1c
#4600
0c
#4608
1c
#4620
0c
#4632
1c
#4636
0c
#4640
1c
#4648
0c
#4656
1c
#4660
0c
#4664
1c
#4668
0c
#4672
1c
#4676
0c
#4680
1c
#4684
0c
#4688
1c
#4696
0c
#4704
1c
#4712
0c
#4720
1c
#4724
0c
#4728
1c
#4736
0c
#4744
1c
#4752
0c
#4760
1c
#4768
0c
#4772
1c
#4776
0c
#4780
1c
#4784
0c
#4788
1c
#4792
0c
#4796
1c
#4800
0c
#4808
1c
#4816
0c
#4820
1c
#4824
0c
#4828
1c
#4832
0c
#4840
1c
#4848
0c
#4856
1c
#4860
0c
#4864
1c
#4876
0c
#4884
1c
#4888
0c
#4896
1c
#4904
0c
#4908
1c
#4912
0c
#4920
1c
#4928
0c
#4932
1c
#4936
0c
#4944
1c
#4948
0c
#4952
1c
#4960
0c
#4968
1c
#4972
0c
#4976
1c
#4980
0c
#4984
1c
#4988
0c
#4992
1c
#4996
0c
#5000
1c
#5004
0c
#5008
1c
#5016
0c
#5020
1c
#5024
0c
#5028
1c
#5032
0c
#5040
1c
#5048
0c
#5052
1c
#5056
0c
#5064
1c
#5072
0c
#5080
1c
#5084
0c
#5088
1c
#5096
0c
#5104
1c
#5112
0c
#5120
1c
#5132
0c
#5144
1c
#5148
0c
#5152
1c
#5160
0c
#5168
1c
#5176
0c
#5180
1c
#5184
0c
#5192
1c
#5200
0c
#5208
1c
#5212
0c
#5216
1c
#5220
0c
#5224
1c
#5232
0c
#5236
1c
#5240
0c
#5244
1c
#5248
0c
#5252
1c
#5256
0c
#5260
1c
#5264
0c
#5268
1c
#5272
0c
#5280
1c
#5284
0c
#5288
1c
#5296
0c
#5300
1c
#5304
0c
#5312
1c
#5320
0c
#5324
1c
#5328
0c
#5336
1c
#5340
0c
#5344
1c
#5352
0c
#5360
1c
#5368
0c
#5376
1c
#5388
0c
#5396
1c
#5400
0c
#5408
1c
#5416
0c
#5424
1c
#5432
0c
#5436
1c
#5440
0c
#5448
1c
#5456
0c
#5464
1c
#5468
0c
#5472
1c
#5476
0c
#5480
1c
#5488
0c
#5492
1c
#5496
0c
#5500
1c
#5504
0c
#5508
1c
#5512
0c
#5516
1c
#5520
0c
#5524
1c
#5528
0c
#5536
1c
#5540
0c
#5544
1c
#5552
0c
#5556
1c
#5560
0c
#5568
1c
#5576
0c
#5580
1c
#5584
0c
#5592
1c
#5596
0c
#5600
1c
#5608
0c
#5616
1c
#5624
0c
#5632
1c
#5644
0c
#5656
1c
#5660
0c
#5664
1c
#5672
0c
#5676
1c
#5680
0c
#5688
1c
#5696
0c
#5700
1c
#5704
0c
#5712
1c
#5716
0c
#5720
1c
#5728
0c
#5736
1c
#5740
0c
#5744
1c
#5748
0c
#5752
1c
#5756
0c
#5760
1c
#5764
0c
#5768
1c
#5772
0c
#5776
1c
#5784
0c
#5788
1c
#5792
0c
#5796
1c
#5800
0c
#5808
1c
#5816
0c
#5820
1c
#5824
0c
#5832
1c
#5840
0c
#5848
1c
#5852
0c
#5856
1c
#5864
0c
#5872
1c
#5880
0c
#5888
1c
#5900
0c
#5908
1c
#5912
0c
#5920
1c
#5928
0c
#5936
1c
#5940
0c
#5944
1c
#5948
0c
#5952
1c
#5956
0c
#5960
1c
#5964
0c
#5968
1c
#5976
0c
#5984
1c
#5992
0c
#6000
1c
#6004
0c
#6008
1c
#6016
0c
#6024
1c
#6032
0c
#6040
1c
#6048
0c
#6052
1c
#6056
0c
#6060
1c
#6064
0c
#6068
1c
#6072
0c
#6076
1c
#6080
0c
#6088
1c
#6096
0c
#6100
1c
#6104
0c
#6108
1c
#6112
0c
#6120
1c
#6128
0c
#6136
1c
#6140
0c
#6144
1c
#6156
0c
#6168
1c
#6172
0c
#6176
1c
#6180
0c
#6184
1c
#6192
0c
#6200
1c
#6208
0c
#6216
1c
#6224
0c
#6232
1c
#6240
0c
#6248
1c
#6256
0c
#6264
1c
#6272
0c
#6280
1c
#6288
0c
#6296
1c
#6304
0c
#6312
1c
#6320
0c
#6328
1c
#6336
0c
#6344
1c
#6352
0c
#6360
1c
#6364
0c
#6368
1c
#6376
0c
#6384
1c
#6392
0c
#6400
1c
#6412
0c
#6420
1c
#6424
0c
#6432
1c
#6440
0c
#6448
1c
#6456
0c
#6464
1c
#6472
0c
#6480
1c
#6488
0c
#6496
1c
#6504
0c
#6512
1c
#6520
0c
#6528
1c
#6536
0c
#6544
1c
#6552
0c
#6560
1c
#6568
0c
#6576
1c
#6584
0c
#6592
1c
#6600
0c
#6608
1c
#6616
0c
#6624
1c
#6632
0c
#6640
1c
#6648
0c
#6656
1c
#6668
0c
#6680
1c
#6684
0c
#6688
1c
#6696
0c
#6700
1c
#6704
0c
#6712
1c
#6720
0c
#6724
1c
#6728
0c
#6736
1c
#6740
0c
#6744
1c
#6752
0c
#6760
1c
#6764
0c
#6768
1c
#6772
0c
#6776
1c
#6780
0c
#6784
1c
#6788
0c
#6792
1c
#6796
0c
#6800
1c
#6808
0c
#6812
1c
#6816
0c
#6820
1c
#6824
0c
#6832
1c
#6840
0c
#6844
1c
#6848
0c
#6856
1c
#6864
0c
#6872
1c
#6876
0c
#6880
1c
#6888
0c
#6896
1c
#6904
0c
#6912
1c
#6924
0c
#6932
1c
#6936
0c
#6944
1c
#6952
0c
#6960
1c
#6964
0c
#6968
1c
#6976
0c
#6984
1c
#6992
0c
#6996
1c
#7000
0c
#7004
1c
#7008
0c
#7012
1c
#7016
0c
#7020
1c
#7024
0c
#7032
1c
#7036
0c
#7040
1c
#7044
0c
#7048
1c
#7052
0c
#7056
1c
#7060
0c
#7064
1c
#7068
0c
#7072
1c
#7080
0c
#7088
1c
#7096
0c
#7104
1c
#7108
0c
#7112
1c
#7116
0c
#7120
1c
#7128
0c
#7136
1c
#7144
0c
#7152
1c
#7160
0c
#7168
1c
#7180
0c
#7192
1c
#7196
0c
#7200
1c
#7208
0c
#7216
1c
#7224
0c
#7228
1c
#7232
0c
#7240
1c
#7248
0c
#7256
1c
#7260
0c
#7264
1c
#7268
0c
#7272
1c
#7280
0c
#7284
1c
#7288
0c
#7292
1c
#7296
0c
#7300
1c
#7304
0c
#7308
1c
#7312
0c
#7316
1c
#7320
0c
#7328
1c
#7332
0c
#7336
1c
#7344
0c
#7348
1c
#7352
0c
#7360
1c
#7368
0c
#7372
1c
#7376
0c
#7384
1c
#7388
0c
#7392
1c
#7400
0c
#7408
1c
#7416
0c
#7424
1c
#7436
0c
#7444
1c
#7448
0c
#7456
1c
#7464
0c
#7472
1c
#7480
0c
#7484
1c
#7488
0c
#7492
1c
#7496
0c
#7500
1c
#7504
0c
#7508
1c
#7512
0c
#7520
1c
#7528
0c
#7532
1c
#7536
0c
#7544
1c
#7552
0c
#7560
1c
#7568
0c
#7576
1c
#7580
0c
#7584
1c
#7592
0c
#7596
1c
#7600
0c
#7608
1c
#7612
0c
#7616
1c
#7620
0c
#7624
1c
#7632
0c
#7636
1c
#7640
0c
#7648
1c
#7656
0c
#7664
1c
#7672
0c
#7680
1c
#7692
0c
#7704
1c
#7708
0c
#7712
1c
#7720
0c
#7728
1c
#7732
0c
#7736
1c
#7740
0c
#7744
1c
#7748
0c
#7752
1c
#7756
0c
#7760
1c
#7768
0c
#7776
1c
#7784
0c
#7792
1c
#7796
0c
#7800
1c
#7808
0c
#7816
1c
#7824
0c
#7832
1c
#7840
0c
#7844
1c
#7848
0c
#7852
1c
#7856
0c
#7860
1c
#7864
0c
#7868
1c
#7872
0c
#7880
1c
#7888
0c
#7892
1c
#7896
0c
#7900
1c
#7904
0c
#7912
1c
#7920
0c
#7928
1c
#7932
0c
#7936
1c
#7948
0c
#7956
1c
#7960
0c
#7968
1c
#7976
0c
#7980
1c
#7984
0c
#7988
1c
#7992
0c
#7996
1c
#8000
0c
#8008
1c
#8012
0c
#8016
1c
#8024
0c
#8028
1c
#8032
0c
#8036
1c
#8040
0c
#8048
1c
#8056
0c
#8064
1c
#8072
0c
#8080
1c
#8084
0c
#8088
1c
#8096
0c
#8104
1c
#8108
0c
#8112
1c
#8116
0c
#8120
1c
#8128
0c
#8132
1c
#8136
0c
#8140
1c
#8144
0c
#8148
1c
#8152
0c
#8160
1c
#8168
0c
#8176
1c
#8184
0c
#8192
1c
#8204
0c
#8216
1c
#8220
0c
#8224
1c
#8232
0c
#8240
1c
#8248
0c
#8256
1c
#8264
0c
#8272
1c
#8280
0c
#8288
1c
#8296
0c
#8304
1c
#8312
0c
#8320
1c
#8328
0c
#8336
1c
#8344
0c
#8352
1c
#8360
0c
#8368
1c
#8376
0c
#8384
1c
#8392
0c
#8400
1c
#8408
0c
#8416
1c
#8424
0c
#8432
1c
#8440
0c
#8448
1c
#8460
0c
#8468
1c
#8472
0c
#8480
1c
#8484
0c
#8488
1c
#8492
0c
#8496
1c
#8500
0c
#8504
1c
#8508
0c
#8512
1c
#8516
0c
#8520
1c
#8524
0c
#8528
1c
#8532
0c
#8536
1c
#8540
0c
#8544
1c
#8548
0c
#8552
1c
#8556
0c
#8560
1c
#8564
0c
#8568
1c
#8572
0c
#8576
1c
#8580
0c
#8584
1c
#8588
0c
#8592
1c
#8596
0c
#8600
1c
#8604
0c
#8608
1c
#8612
0c
#8616
1c
#8620
0c
#8624
1c
#8628
0c
#8632
1c
#8636
0c
#8640
1c
#8644
0c
#8648
1c
#8652
0c
#8656
1c
#8660
0c
#8664
1c
#8672
0c
#8680
1c
#8688
0c
#8696
1c
#8700
0c
#8704
1c
#8716
0c
#8728
1c
#8732
0c
#8736
1c
#8744
0c
#8752
1c
#8756
0c
#8760
1c
#8768
0c
#8776
1c
#8784
0c
#8788
1c
#8792
0c
#8796
1c
#8800
0c
#8804
1c
#8808
0c
#8812
1c
#8816
0c
#8824
1c
#8828
0c
#8832
1c
#8836
0c
#8840
1c
#8844
0c
#8848
1c
#8852
0c
#8856
1c
#8860
0c
#8864
1c
#8872
0c
#8880
1c
#8888
0c
#8896
1c
#8900
0c
#8904
1c
#8908
0c
#8912
1c
#8920
0c
#8928
1c
#8936
0c
#8944
1c
#8952
0c
#8960
1c
#8972
0c
#8980
1c
#8984
0c
#8992
1c
#9000
0c
#9004
1c
#9008
0c
#9012
1c
#9016
0c
#9020
1c
#9024
0c
#9032
1c
#9036
0c
#9040
1c
#9048
0c
#9052
1c
#9056
0c
#9060
1c
#9064
0c
#9072
1c
#9080
0c
#9088
1c
#9096
0c
#9104
1c
#9108
0c
#9112
1c
#9120
0c
#9128
1c
#9132
0c
#9136
1c
#9140
0c
#9144
1c
#9152
0c
#9156
1c
#9160
0c
#9164
1c
#9168
0c
#9172
1c
#9176
0c
#9184
1c
#9192
0c
#9200
1c
#9208
0c
#9216
1c
#9228
0c
#9240
1c
#9244
0c
#9248
1c
#9256
0c
#9264
1c
#9272
0c
#9276
1c
#9280
0c
#9284
1c
#9288
0c
#9292
1c
#9296
0c
#9300
1c
#9304
0c
#9312
1c
#9320
0c
#9324
1c
#9328
0c
#9336
1c
#9344
0c
#9352
1c
#9360
0c
#9368
1c
#9372
0c
#9376
1c
#9384
0c
#9388
1c
#9392
0c
#9400
1c
#9404
0c
#9408
1c
#9412
0c
#9416
1c
#9424
0c
#9428
1c
#9432
0c
#9440
1c
#9448
0c
#9456
1c
#9464
0c
#9472
1c
#9484
0c
#9492
1c
#9496
0c
#9504
1c
#9512
0c
#9520
1c
#9528
0c
#9532
1c
#9536
0c
#9540
1c
#9544
0c
#9548
1c
#9552
0c
#9556
1c
#9560
0c
#9568
1c
#9576
0c
#9580
1c
#9584
0c
#9592
1c
#9600
0c
#9608
1c
#9616
0c
#9624
1c
#9628
0c
#9632
1c
#9640
0c
#9644
1c
#9648
0c
#9656
1c
#9660
0c
#9664
1c
#9668
0c
#9672
1c
#9680
0c
#9684
1c
#9688
0c
#9696
1c
#9704
0c
#9712
1c
#9720
0c
#9728
1c
#9740
0c
#9752
1c
#9756
0c
#9760
1c
#9768
0c
#9772
1c
#9776
0c
#9780
1c
#9784
0c
#9788
1c
#9792
0c
#9800
1c
#9804
0c
#9808
1c
#9816
0c
#9820
1c
#9824
0c
#9828
1c
#9832
0c
#9840
1c
#9848
0c
#9856
1c
#9864
0c
#9872
1c
#9876
0c
#9880
1c
#9888
0c
#9896
1c
#9900
0c
#9904
1c
#9908
0c
#9912
1c
#9920
0c
#9924
1c
#9928
0c
#9932
1c
#9936
0c
#9940
1c
#9944
0c
#9952
1c
#9960
0c
#9968
1c
#9976
0c
#9984
1c
#9996
0c
#10004
1c
#10008
0c
#10016
1c
#10024
0c
#10032
1c
#10036
0c
#10040
1c
#10048
0c
#10056
1c
#10064
0c
#10068
1c
#10072
0c
#10076
1c
#10080
0c
#10084
1c
#10088
0c
#10092
1c
#10096
0c
#10104
1c
#10108
0c
#10112
1c
#10116
0c
#10120
1c
#10124
0c
#10128
1c
#10132
0c
#10136
1c
#10140
0c
#10144
1c
#10152
0c
#10160
1c
#10168
0c
#10176
1c
#10180
0c
#10184
1c
#10188
0c
#10192
1c
#10200
0c
#10208
1c
#10216
0c
#10224
1c
#10232
0c
#10240
1c
#10252
0c
#10264
1c
#10268
0c
#10272
1c
#10276
0c
#10280
1c
#10284
0c
#10288
1c
#10292
0c
#10296
1c
#10300
0c
#10304
1c
#10308
0c
#10312
1c
#10316
0c
#10320
1c
#10324
0c
#10328
1c
#10332
0c
#10336
1c
#10340
0c
#10344
1c
#10348
0c
#10352
1c
#10356
0c
#10360
1c
#10364
0c
#10368
1c
#10372
0c
#10376
1c
#10380
0c
#10384
1c
#10388
0c
#10392
1c
#10396
0c
#10400
1c
#10404
0c
#10408
1c
#10412
0c
#10416
1c
#10420
0c
#10424
1c
#10428
0c
#10432
1c
#10436
0c
#10440
1c
#10444
0c
#10448
1c
#10452
0c
#10456
1c
#10464
0c
#10472
1c
#10480
0c
#10488
1c
#10492
0c
#10496
1c
#10508
0c
#10516
1c
#10520
0c
#10528
1c
#10536
0c
#10544
1c
#10552
0c
#10560
1c
#10568
0c
#10576
1c
#10584
0c
#10592
1c
#10600
0c
#10608
1c
#10616
0c
#10624
1c
#10632
0c
#10640
1c
#10648
0c
#10656
1c
#10664
0c
#10672
1c
#10680
0c
#10688
1c
#10696
0c
#10704
1c
#10712
0c
#10720
1c
#10728
0c
#10736
1c
#10744
0c
#10752
1c
#10764
0c
#10776
1c
#10780
0c
#10784
1c
#10792
0c
#10796
1c
#10800
0c
#10804
1c
#10808
0c
#10812
1c
#10816
0c
#10824
1c
#10828
0c
#10832
1c
#10840
0c
#10844
1c
#10848
0c
#10852
1c
#10856
0c
#10864
1c
#10872
0c
#10880
1c
#10888
0c
#10896
1c
#10900
0c
#10904
1c
#10912
0c
#10920
1c
#10924
0c
#10928
1c
#10932
0c
#10936
1c
#10944
0c
#10948
1c
#10952
0c
#10956
1c
#10960
0c
#10964
1c
#10968
0c
#10976
1c
#10984
0c
#10992
1c
#11000
0c
#11008
1c
#11020
0c
#11028
1c
#11032
0c
#11040
1c
#11048
0c
#11056
1c
#11060
0c
#11064
1c
#11068
0c
#11072
1c
#11076
0c
#11080
1c
#11084
0c
#11088
1c
#11096
0c
#11104
1c
#11112
0c
#11120
1c
#11124
0c
#11128
1c
#11136
0c
#11144
1c
#11152
0c
#11160
1c
#11168
0c
#11172
1c
#11176
0c
#11180
1c
#11184
0c
#11188
1c
#11192
0c
#11196
1c
#11200
0c
#11208
1c
#11216
0c
#11220
1c
#11224
0c
#11228
1c
#11232
0c
#11240
1c
#11248
0c
#11256
1c
#11260
0c
#11264
1c
#11276
0c
#11288
1c
#11292
0c
#11296
1c
#11304
0c
#11312
1c
#11320
0c
#11324
1c
#11328
0c
#11332
1c
#11336
0c
#11340
1c
#11344
0c
#11348
1c
#11352
0c
#11360
1c
#11368
0c
#11372
1c
#11376
0c
#11384
1c
#11392
0c
#11400
1c
#11408
0c
#11416
1c
#11420
0c
#11424
1c
#11432
0c
#11436
1c
#11440
0c
#11448
1c
#11452
0c
#11456
1c
#11460
0c
#11464
1c
#11472
0c
#11476
1c
#11480
0c
#11488
1c
#11496
0c
#11504
1c
#11512
0c
#11520
1c
#11532
0c
#11540
1c
#11544
0c
#11552
1c
#11560
0c
#11568
1c
#11576
0c
#11580
1c
#11584
0c
#11592
1c
#11600
0c
#11608
1c
#11612
0c
#11616
1c
#11620
0c
#11624
1c
#11632
0c
#11636
1c
#11640
0c
#11644
1c
#11648
0c
#11652
1c
#11656
0c
#11660
1c
#11664
0c
#11668
1c
#11672
0c
#11680
1c
#11684
0c
#11688
1c
#11696
0c
#11700
1c
#11704
0c
#11712
1c
#11720
0c
#11724
1c
#11728
0c
#11736
1c
#11740
0c
#11744
1c
#11752
0c
#11760
1c
#11768
0c
#11776
1c
#11788
0c
#11800
1c
#11804
0c
#11808
1c
#11816
0c
#11824
1c
#11828
0c
#11832
1c
#11840
0c
#11848
1c
#11856
0c
#11860
1c
#11864
0c
#11868
1c
#11872
0c
#11876
1c
#11880
0c
#11884
1c
#11888
0c
#11896
1c
#11900
0c
#11904
1c
#11908
0c
#11912
1c
#11916
0c
#11920
1c
#11924
0c
#11928
1c
#11932
0c
#11936
1c
#11944
0c
#11952
1c
#11960
0c
#11968
1c
#11972
0c
#11976
1c
#11980
0c
#11984
1c
#11992
0c
#12000
1c
#12008
0c
#12016
1c
#12024
0c
#12032
1c
#12044
0c
#12052
1c
#12056
0c
#12064
1c
#12072
0c
#12076
1c
#12080
0c
#12088
1c
#12096
0c
#12100
1c
#12104
0c
#12112
1c
#12116
0c
#12120
1c
#12128
0c
#12136
1c
#12140
0c
#12144
1c
#12148
0c
#12152
1c
#12156
0c
#12160
1c
#12164
0c
#12168
1c
#12172
0c
#12176
1c
#12184
0c
#12188
1c
#12192
0c
#12196
1c
#12200
0c
#12208
1c
#12216
0c
#12220
1c
#12224
0c
#12232
1c
#12240
0c
#12248
1c
#12252
0c
#12256
1c
#12264
0c
#12272
1c
#12280
0c
#12288
1c
#12300
0c
#12312
1c
#12316
0c
#12320
1c
#12328
0c
#12336
1c
#12344
0c
#12352
1c
#12360
0c
#12368
1c
#12376
0c
#12384
1c
#12392
0c
#12400
1c
#12408
0c
#12416
1c
#12424
0c
#12432
1c
#12440
0c
#12448
1c
#12456
0c
#12464
1c
#12472
0c
#12480
1c
#12488
0c
#12496
1c
#12504
0c
#12512
1c
#12520
0c
#12528
1c
#12536
0c
#12544
1c
#12556
0c
#12564
1c
#12568
0c
#12576
1c
#12580
0c
#12584
1c
#12592
0c
#12600
1c
#12608
0c
#12616
1c
#12624
0c
#12632
1c
#12640
0c
#12648
1c
#12656
0c
#12664
1c
#12672
0c
#12680
1c
#12688
0c
#12696
1c
#12704
0c
#12712
1c
#12720
0c
#12728
1c
#12736
0c
#12744
1c
#12752
0c
#12760
1c
#12764
0c
#12768
1c
#12776
0c
#12784
1c
#12792
0c
#12800
1c
#12812
0c
#12824
1c
#12828
0c
#12832
1c
#12840
0c
#12848
1c
#12852
0c
#12856
1c
#12860
0c
#12864
1c
#12868
0c
#12872
1c
#12876
0c
#12880
1c
#12888
0c
#12896
1c
#12904
0c
#12912
1c
#12916
0c
#12920
1c
#12928
0c
#12936
1c
#12944
0c
#12952
1c
#12960
0c
#12964
1c
#12968
0c
#12972
1c
#12976
0c
#12980
1c
#12984
0c
#12988
1c
#12992
0c
#13000
1c
#13008
0c
#13012
1c
#13016
0c
#13020
1c
#13024
0c
#13032
1c
#13040
0c
#13044
1c
#13048
0c
#13056
1c
#13068
0c
#13076
1c
#13080
0c
#13088
1c
#13096
0c
#13100
1c
#13104
0c
#13112
1c
#13120
0c
#13124
1c
#13128
0c
#13136
1c
#13140
0c
#13144
1c
#13152
0c
#13160
1c
#13164
0c
#13168
1c
#13172
0c
#13176
1c
#13180
0c
#13184
1c
#13188
0c
#13192
1c
#13196
0c
#13200
1c
#13208
0c
#13212
1c
#13216
0c
#13220
1c
#13224
0c
#13232
1c
#13240
0c
#13244
1c
#13248
0c
#13256
1c
#13264
0c
#13272
1c
#13276
0c
#13280
1c
#13288
0c
#13296
1c
#13300
0c
#13304
1c
#13308
0c
#13312
1c
#13324
0c
#13336
1c
#13340
0c
#13344
1c
#13352
0c
#13360
1c
#13368
0c
#13372
1c
#13376
0c
#13384
1c
#13392
0c
#13400
1c
#13404
0c
#13408
1c
#13412
0c
#13416
1c
#13424
0c
#13428
1c
#13432
0c
#13436
1c
#13440
0c
#13444
1c
#13448
0c
#13452
1c
#13456
0c
#13460
1c
#13464
0c
#13472
1c
#13476
0c
#13480
1c
#13488
0c
#13492
1c
#13496
0c
#13504
1c
#13512
0c
#13516
1c
#13520
0c
#13528
1c
#13532
0c
#13536
1c
#13544
0c
#13552
1c
#13560
0c
#13568
1c
#13580
0c
#13588
1c
#13592
0c
#13600
1c
#13608
0c
#13616
1c
#13624
0c
#13628
1c
#13632
0c
#13640
1c
#13648
0c
#13656
1c
#13660
0c
#13664
1c
#13668
0c
#13672
1c
#13680
0c
#13684
1c
#13688
0c
#13692
1c
#13696
0c
#13700
1c
#13704
0c
#13708
1c
#13712
0c
#13716
1c
#13720
0c
#13728
1c
#13732
0c
#13736
1c
#13744
0c
#13748
1c
#13752
0c
#13760
1c
#13768
0c
#13772
1c
#13776
0c
#13784
1c
#13788
0c
#13792
1c
#13800
0c
#13808
1c
#13816
0c
#13824
1c
#13836
0c
#13848
1c
#13852
0c
#13856
1c
#13864
0c
#13868
1c
#13872
0c
#13880
1c
#13888
0c
#13892
1c
#13896
0c
#13904
1c
#13908
0c
#13912
1c
#13920
0c
#13928
1c
#13932
0c
#13936
1c
#13940
0c
#13944
1c
#13948
0c
#13952
1c
#13956
0c
#13960
1c
#13964
0c
#13968
1c
#13976
0c
#13980
1c
#13984
0c
#13988
1c
#13992
0c
#14000
1c
#14008
0c
#14012
1c
#14016
0c
#14024
1c
#14032
0c
#14040
1c
#14044
0c
#14048
1c
#14056
0c
#14064
1c
#14072
0c
#14080
1c
#14092
0c
#14100
1c
#14104
0c
#14112
1c
#14120
0c
#14128
1c
#14132
0c
#14136
1c
#14140
0c
#14144
1c
#14148
0c
#14152
1c
#14156
0c
#14160
1c
#14168
0c
#14176
1c
#14184
0c
#14192
1c
#14196
0c
#14200
1c
#14208
0c
#14216
1c
#14224
0c
#14232
1c
#14240
0c
#14244
1c
#14248
0c
#14252
1c
#14256
0c
#14260
1c
#14264
0c
#14268
1c
#14272
0c
#14280
1c
#14288
0c
#14292
1c
#14296
0c
#14300
1c
#14304
0c
#14312
1c
#14320
0c
#14328
1c
#14332
0c
#14336
1c
#14348
0c
#14360
1c
#14364
0c
#14368
1c
#14372
0c
#14376
1c
#14384
0c
#14392
1c
#14400
0c
#14408
1c
#14416
0c
#14424
1c
#14432
0c
#14440
1c
#14448
0c
#14456
1c
#14464
0c
#14472
1c
#14480
0c
#14488
1c
#14496
0c
#14504
1c
#14512
0c
#14520
1c
#14528
0c
#14536
1c
#14544
0c
#14552
1c
#14556
0c
#14560
1c
#14568
0c
#14576
1c
#14584
0c
#14592
1c
#14604
0c
#14612
1c
#14616
0c
#14624
1c
#14632
0c
#14640
1c
#14648
0c
#14656
1c
#14664
0c
#14672
1c
#14680
0c
#14688
1c
#14696
0c
#14704
1c
#14712
0c
#14720
1c
#14728
0c
#14736
1c
#14744
0c
#14752
1c
#14760
0c
#14768
1c
#14776
0c
#14784
1c
#14792
0c
#14800
1c
#14808
0c
#14816
1c
#14824
0c
#14832
1c
#14840
0c
#14848
1c
#14860
0c
#14872
1c
#14876
0c
#14880
1c
#14888
0c
#14892
1c
#14896
0c
#14904
1c
#14912
0c
#14916
1c
#14920
0c
#14928
1c
#14932
0c
#14936
1c
#14944
0c
#14952
1c
#14956
0c
#14960
1c
#14964
0c
#14968
1c
#14972
0c
#14976
1c
#14980
0c
#14984
1c
#14988
0c
#14992
1c
#15000
0c
#15004
1c
#15008
0c
#15012
1c
#15016
0c
#15024
1c
#15032
0c
#15036
1c
#15040
0c
#15048
1c
#15056
0c
#15064
1c
#15068
0c
#15072
1c
#15080
0c
#15088
1c
#15096
0c
#15104
1c
#15116
0c
#15124
1c
#15128
0c
#15136
1c
#15144
0c
#15152
1c
#15156
0c
#15160
1c
#15168
0c
#15176
1c
#15184
0c
#15188
1c
#15192
0c
#15196
1c
#15200
0c
#15204
1c
#15208
0c
#15212
1c
#15216
0c
#15224
1c
#15228
0c
#15232
1c
#15236
0c
#15240
1c
#15244
0c
#15248
1c
#15252
0c
#15256
1c
#15260
0c
#15264
1c
#15272
0c
#15280
1c
#15288
0c
#15296
1c
#15300
0c
#15304
1c
#15308
0c
#15312
1c
#15320
0c
#15328
1c
#15336
0c
#15344
1c
#15352
0c
#15360
1c
#15372
0c
#15384
1c
#15388
0c
#15392
1c
#15400
0c
#15408
1c
#15416
0c
#15420
1c
#15424
0c
#15432
1c
#15440
0c
#15448
1c
#15452
0c
#15456
1c
#15460
0c
#15464
1c
#15472
0c
#15476
1c
#15480
0c
#15484
1c
#15488
0c
#15492
1c
#15496
0c
#15500
1c
#15504
0c
#15508
1c
#15512
0c
#15520
1c
#15524
0c
#15528
1c
#15536
0c
#15540
1c
#15544
0c
#15552
1c
#15560
0c
#15564
1c
#15568
0c
#15576
1c
#15580
0c
#15584
1c
#15592
0c
#15600
1c
#15608
0c
#15616
1c
#15628
0c
#15636
1c
#15640
0c
#15648
1c
#15656
0c
#15664
1c
#15672
0c
#15676
1c
#15680
0c
#15684
1c
#15688
0c
#15692
1c
#15696
0c
#15700
1c
#15704
0c
#15712
1c
#15720
0c
#15724
1c
#15728
0c
#15736
1c
#15744
0c
#15752
1c
#15760
0c
#15768
1c
#15772
0c
#15776
1c
#15784
0c
#15788
1c
#15792
0c
#15800
1c
#15804
0c
#15808
1c
#15812
0c
#15816
1c
#15824
0c
#15828
1c
#15832
0c
#15840
1c
#15848
0c
#15856
1c
#15864
0c
#15872
1c
#15884
0c
#15896
1c
#15900
0c
#15904
1c
#15912
0c
#15920
1c
#15924
0c
#15928
1c
#15932
0c
#15936
1c
#15940
0c
#15944
1c
#15948
0c
#15952
1c
#15960
0c
#15968
1c
#15976
0c
#15984
1c
#15988
0c
#15992
1c
#16000
0c
#16008
1c
#16016
0c
#16024
1c
#16032
0c
#16036
1c
#16040
0c
#16044
1c
#16048
0c
#16052
1c
#16056
0c
#16060
1c
#16064
0c
#16072
1c
#16080
0c
#16084
1c
#16088
0c
#16092
1c
#16096
0c
#16104
1c
#16112
0c
#16120
1c
#16124
0c
#16128
1c
#16140
0c
#16148
1c
#16152
0c
#16160
1c
#16168
0c
#16172
1c
#16176
0c
#16180
1c
#16184
0c
#16188
1c
#16192
0c
#16200
1c
#16204
0c
#16208
1c
#16216
0c
#16220
1c
#16224
0c
#16228
1c
#16232
0c
#16240
1c
#16248
0c
#16256
1c
#16264
0c
#16272
1c
#16276
0c
#16280
1c
#16288
0c
#16296
1c
#16300
0c
#16304
1c
#16308
0c
#16312
1c
#16320
0c
#16324
1c
#16328
0c
#16332
1c
#16336
0c
#16340
1c
#16344
0c
#16352
1c
#16360
0c
#16368
1c
#16376
0c
#16384
1c
#16396
0c
#16408
1c
#16412
0c
#16416
1c
#16424
0c
#16432
1c
#16440
0c
#16448
1c
#16456
0c
#16464
1c
#16472
0c
#16480
1c
#16488
0c
#16496
1c
#16504
0c
#16512
1c
#16520
0c
#16528
1c
#16536
0c
#16544
1c
#16552
0c
#16560
1c
#16568
0c
#16576
1c
#16584
0c
#16592
1c
#16600
0c
#16608
1c
#16616
0c
#16624
1c
#16628
0c
#16632
1c
#16636
0c
#16640
1c
#16652
0c
#16660
1c
#16664
0c
#16672
1c
#16676
0c
#16680
1c
#16684
0c
#16688
1c
#16692
0c
#16696
1c
#16700
0c
#16704
1c
#16708
0c
#16712
1c
#16716
0c
#16720
1c
#16724
0c
#16728
1c
#16732
0c
#16736
1c
#16740
0c
#16744
1c
#16748
0c
#16752
1c
#16756
0c
#16760
1c
#16764
0c
#16768
1c
#16772
0c
#16776
1c
#16780
0c
#16784
1c
#16788
0c
#16792
1c
#16796
0c
#16800
1c
#16804
0c
#16808
1c
#16812
0c
#16816
1c
#16820
0c
#16824
1c
#16828
0c
#16832
1c
#16836
0c
#16840
1c
#16844
0c
#16848
1c
#16852
0c
#16856
1c
#16864
0c
#16872
1c
#16880
0c
#16884
1c
#16888
0c
#16896
1c
#16908
0c
#16920
1c
#16924
0c
#16928
1c
#16936
0c
#16944
1c
#16948
0c
#16952
1c
#16960
0c
#16968
1c
#16976
0c
#16980
1c
#16984
0c
#16988
1c
#16992
0c
#16996
1c
#17000
0c
#17004
1c
#17008
0c
#17016
1c
#17020
0c
#17024
1c
#17028
0c
#17032
1c
#17036
0c
#17040
1c
#17044
0c
#17048
1c
#17052
0c
#17056
1c
#17064
0c
#17072
1c
#17080
0c
#17088
1c
#17092
0c
#17096
1c
#17100
0c
#17104
1c
#17112
0c
#17120
1c
#17128
0c
#17136
1c
#17140
0c
#17144
1c
#17148
0c
#17152
1c
#17164
0c
#17172
1c
#17176
0c
#17184
1c
#17192
0c
#17196
1c
#17200
0c
#17204
1c
#17208
0c
#17212
1c
#17216
0c
#17224
1c
#17228
0c
#17232
1c
#17240
0c
#17244
1c
#17248
0c
#17252
1c
#17256
0c
#17264
1c
#17272
0c
#17280
1c
#17288
0c
#17296
1c
#17300
0c
#17304
1c
#17312
0c
#17320
1c
#17324
0c
#17328
1c
#17332
0c
#17336
1c
#17344
0c
#17348
1c
#17352
0c
#17356
1c
#17360
0c
#17364
1c
#17368
0c
#17376
1c
#17384
0c
#17392
1c
#17396
0c
#17400
1c
#17404
0c
#17408
1c
#17420
0c
#17432
1c
#17436
0c
#17440
1c
#17448
0c
#17456
1c
#17464
0c
#17468
1c
#17472
0c
#17476
1c
#17480
0c
#17484
1c
#17488
0c
#17492
1c
#17496
0c
#17504
1c
#17512
0c
#17516
1c
#17520
0c
#17528
1c
#17536
0c
#17544
1c
#17552
0c
#17560
1c
#17564
0c
#17568
1c
#17576
0c
#17580
1c
#17584
0c
#17592
1c
#17596
0c
#17600
1c
#17604
0c
#17608
1c
#17616
0c
#17620
1c
#17624
0c
#17632
1c
#17640
0c
#17648
1c
#17656
0c
#17664
1c
#17676
0c
#17684
1c
#17688
0c
#17696
1c
#17704
0c
#17712
1c
#17720
0c
#17724
1c
#17728
0c
#17732
1c
#17736
0c
#17740
1c
#17744
0c
#17748
1c
#17752
0c
#17760
1c
#17768
0c
#17772
1c
#17776
0c
#17784
1c
#17792
0c
#17800
1c
#17808
0c
#17816
1c
#17820
0c
#17824
1c
#17832
0c
#17836
1c
#17840
0c
#17848
1c
#17852
0c
#17856
1c
#17860
0c
#17864
1c
#17872
0c
#17876
1c
#17880
0c
#17888
1c
#17896
0c
#17904
1c
#17912
0c
#17920
1c
#17932
0c
#17944
1c
#17948
0c
#17952
1c
#17960
0c
#17964
1c
#17968
0c
#17972
1c
#17976
0c
#17980
1c
#17984
0c
#17992
1c
#17996
0c
#18000
1c
#18008
0c
#18012
1c
#18016
0c
#18020
1c
#18024
0c
#18032
1c
#18040
0c
#18048
1c
#18056
0c
#18064
1c
#18068
0c
#18072
1c
#18080
0c
#18088
1c
#18092
0c
#18096
1c
#18100
0c
#18104
1c
#18112
0c
#18116
1c
#18120
0c
#18124
1c
#18128
0c
#18132
1c
#18136
0c
#18144
1c
#18152
0c
#18160
1c
#18164
0c
#18168
1c
#18172
0c
#18176
1c
#18188
0c
#18196
1c
#18200
0c
#18208
1c
#18216
0c
#18224
1c
#18228
0c
#18232
1c
#18240
0c
#18248
1c
#18256
0c
#18260
1c
#18264
0c
#18268
1c
#18272
0c
#18276
1c
#18280
0c
#18284
1c
#18288
0c
#18296
1c
#18300
0c
#18304
1c
#18308
0c
#18312
1c
#18316
0c
#18320
1c
#18324
0c
#18328
1c
#18332
0c
#18336
1c
#18344
0c
#18352
1c
#18360
0c
#18368
1c
#18372
0c
#18376
1c
#18380
0c
#18384
1c
#18392
0c
#18400
1c
#18408
0c
#18416
1c
#18420
0c
#18424
1c
#18428
0c
#18432
1c
#18444
0c
#18456
1c
#18460
0c
#18464
1c
#18468
0c
#18472
1c
#18476
0c
#18480
1c
#18484
0c
#18488
1c
#18492
0c
#18496
1c
#18500
0c
#18504
1c
#18508
0c
#18512
1c
#18516
0c
#18520
1c
#18524
0c
#18528
1c
#18532
0c
#18536
1c
#18540
0c
#18544
1c
#18548
0c
#18552
1c
#18556
0c
#18560
1c
#18564
0c
#18568
1c
#18572
0c
#18576
1c
#18580
0c
#18584
1c
#18588
0c
#18592
1c
#18596
0c
#18600
1c
#18604
0c
#18608
1c
#18612
0c
#18616
1c
#18620
0c
#18624
1c
#18628
0c
#18632
1c
#18636
0c
#18640
1c
#18644
0c
#18648
1c
#18656
0c
#18664
1c
#18672
0c
#18680
1c
#18684
0c
#18688
1c
#18700
0c
#18708
1c
#18712
0c
#18720
1c
#18728
0c
#18736
1c
#18744
0c
#18752
1c
#18760
0c
#18768
1c
#18776
0c
#18784
1c
#18792
0c
#18800
1c
#18808
0c
#18816
1c
#18824
0c
#18832
1c
#18840
0c
#18848
1c
#18856
0c
#18864
1c
#18872
0c
#18880
1c
#18888
0c
#18896
1c
#18904
0c
#18912
1c
#18920
0c
#18928
1c
#18936
0c
#18944
1c
#18956
0c
#18968
1c
#18972
0c
#18976
1c
#18984
0c
#18988
1c
#18992
0c
#18996
1c
#19000
0c
#19004
1c
#19008
0c
#19016
1c
#19020
0c
#19024
1c
#19032
0c
#19036
1c
#19040
0c
#19044
1c
#19048
0c
#19056
1c
#19064
0c
#19072
1c
#19080
0c
#19088
1c
#19092
0c
#19096
1c
#19104
0c
#19112
1c
#19116
0c
#19120
1c
#19124
0c
#19128
1c
#19136
0c
#19140
1c
#19144
0c
#19148
1c
#19152
0c
#19156
1c
#19160
0c
#19168
1c
#19176
0c
#19184
1c
#19192
0c
#19200
1c
#19212
0c
#19220
1c
#19224
0c
#19232
1c
#19240
0c
#19248
1c
#19252
0c
#19256
1c
#19260
0c
#19264
1c
#19268
0c
#19272
1c
#19276
0c
#19280
1c
#19288
0c
#19296
1c
#19304
0c
#19312
1c
#19316
0c
#19320
1c
#19328
0c
#19336
1c
#19344
0c
#19352
1c
#19360
0c
#19364
1c
#19368
0c
#19372
1c
#19376
0c
#19380
1c
#19384
0c
#19388
1c
#19392
0c
#19400
1c
#19408
0c
#19412
1c
#19416
0c
#19420
1c
#19424
0c
#19432
1c
#19440
0c
#19448
1c
#19452
0c
#19456
1c
#19468
0c
#19480
1c
#19484
0c
#19488
1c
#19496
0c
#19504
1c
#19512
0c
#19516
1c
#19520
0c
#19524
1c
#19528
0c
#19532
1c
#19536
0c
#19540
1c
#19544
0c
#19552
1c
#19560
0c
#19564
1c
#19568
0c
#19576
1c
#19584
0c
#19592
1c
#19600
0c
#19608
1c
#19612
0c
#19616
1c
#19624
0c
#19628
1c
#19632
0c
#19640
1c
#19644
0c
#19648
1c
#19652
0c
#19656
1c
#19664
0c
#19668
1c
#19672
0c
#19680
1c
#19688
0c
#19696
1c
#19704
0c
#19712
1c
#19724
0c
#19732
1c
#19736
0c
#19744
1c
#19752
0c
#19760
1c
#19768
0c
#19772
1c
#19776
0c
#19784
1c
#19792
0c
#19800
1c
#19804
0c
#19808
1c
#19812
0c
#19816
1c
#19824
0c
#19828
1c
#19832
0c
#19836
1c
#19840
0c
#19844
1c
#19848
0c
#19852
1c
#19856
0c
#19860
1c
#19864
0c
#19872
1c
#19876
0c
#19880
1c
#19888
0c
#19892
1c
#19896
0c
#19904
1c
#19912
0c
#19916
1c
#19920
0c
#19928
1c
#19932
0c
#19936
1c
#19944
0c
#19952
1c
#19960
0c
#19968
1c
#19980
0c
#19992
1c
#19996
0c
#20000
1c
#20008
0c
#20016
1c
#20020
0c
#20024
1c
#20032
0c
#20040
1c
#20048
0c
#20052
1c
#20056
0c
#20060
1c
#20064
0c
#20068
1c
#20072
0c
#20076
1c
#20080
0c
#20088
1c
#20092
0c
#20096
1c
#20100
0c
#20104
1c
#20108
0c
#20112
1c
#20116
0c
#20120
1c
#20124
0c
#20128
1c
#20136
0c
#20144
1c
#20152
0c
#20160
1c
#20164
0c
#20168
1c
#20172
0c
#20176
1c
#20184
0c
#20192
1c
#20200
0c
#20208
1c
#20216
0c
#20224
1c
#20236
0c
#20244
1c
#20248
0c
#20256
1c
#20264
0c
#20268
1c
#20272
0c
#20280
1c
#20288
0c
#20292
1c
#20296
0c
#20304
1c
#20308
0c
#20312
1c
#20320
0c
#20328
1c
#20332
0c
#20336
1c
#20340
0c
#20344
1c
#20348
0c
#20352
1c
#20356
0c
#20360
1c
#20364
0c
#20368
1c
#20376
0c
#20380
1c
#20384
0c
#20388
1c
#20392
0c
#20400
1c
#20408
0c
#20412
1c
#20416
0c
#20424
1c
#20432
0c
#20440
1c
#20444
0c
#20448
1c
#20456
0c
#20464
1c
#20472
0c
#20480
1c
#20492
0c
#20504
1c
#20508
0c
#20512
1c
#20520
0c
#20528
1c
#20536
0c
#20544
1c
#20552
0c
#20560
1c
#20568
0c
#20576
1c
#20584
0c
#20592
1c
#20600
0c
#20608
1c
#20616
0c
#20624
1c
#20632
0c
#20640
1c
#20648
0c
#20656
1c
#20664
0c
#20672
1c
#20680
0c
#20688
1c
#20696
0c
#20704
1c
#20712
0c
#20720
1c
#20728
0c
#20736
1c
#20748
0c
#20756
1c
#20760
0c
#20768
1c
#20772
0c
#20776
1c
#20784
0c
#20792
1c
#20800
0c
#20808
1c
#20816
0c
#20824
1c
#20832
0c
#20840
1c
#20848
0c
#20856
1c
#20864
0c
#20872
1c
#20880
0c
#20888
1c
#20896
0c
#20904
1c
#20912
0c
#20920
1c
#20928
0c
#20936
1c
#20944
0c
#20952
1c
#20956
0c
#20960
1c
#20968
0c
#20976
1c
#20984
0c
#20992
1c
#21004
0c
#21016
1c
#21020
0c
#21024
1c
#21032
0c
#21040
1c
#21044
0c
#21048
1c
#21052
0c
#21056
1c
#21060
0c
#21064
1c
#21068
0c
#21072
1c
#21080
0c
#21088
1c
#21096
0c
#21104
1c
#21108
0c
#21112
1c
#21120
0c
#21128
1c
#21136
0c
#21144
1c
#21152
0c
#21156
1c
#21160
0c
#21164
1c
#21168
0c
#21172
1c
#21176
0c
#21180
1c
#21184
0c
#21192
1c
#21200
0c
#21204
1c
#21208
0c
#21212
1c
#21216
0c
#21224
1c
#21232
0c
#21240
1c
#21244
0c
#21248
1c
#21260
0c
#21268
1c
#21272
0c
#21280
1c
#21288
0c
#21292
1c
#21296
0c
#21304
1c
#21312
0c
#21316
1c
#21320
0c
#21328
1c
#21332
0c
#21336
1c
#21344
0c
#21352
1c
#21356
0c
#21360
1c
#21364
0c
#21368
1c
#21372
0c
#21376
1c
#21380
0c
#21384
1c
#21388
0c
#21392
1c
#21400
0c
#21404
1c
#21408
0c
#21412
1c
#21416
0c
#21424
1c
#21432
0c
#21436
1c
#21440
0c
#21448
1c
#21456
0c
#21464
1c
#21468
0c
#21472
1c
#21480
0c
#21488
1c
#21496
0c
#21504
1c
#21516
0c
#21528
1c
#21532
0c
#21536
1c
#21544
0c
#21552
1c
#21560
0c
#21564
1c
#21568
0c
#21576
1c
#21584
0c
#21592
1c
#21596
0c
#21600
1c
#21604
0c
#21608
1c
#21616
0c
#21620
1c
#21624
0c
#21628
1c
#21632
0c
#21636
1c
#21640
0c
#21644
1c
#21648
0c
#21652
1c
#21656
0c
#21664
1c
#21668
0c
#21672
1c
#21680
0c
#21684
1c
#21688
0c
#21696
1c
#21704
0c
#21708
1c
#21712
0c
#21720
1c
#21724
0c
#21728
1c
#21736
0c
#21744
1c
#21752
0c
#21760
1c
#21772
0c
#21780
1c
#21784
0c
#21792
1c
#21800
0c
#21808
1c
#21816
0c
#21820
1c
#21824
0c
#21832
1c
#21840
0c
#21848
1c
#21852
0c
#21856
1c
#21860
0c
#21864
1c
#21872
0c
#21876
1c
#21880
0c
#21884
1c
#21888
0c
#21892
1c
#21896
0c
#21900
1c
#21904
0c
#21908
1c
#21912
0c
#21920
1c
#21924
0c
#21928
1c
#21936
0c
#21940
1c
#21944
0c
#21952
1c
#21960
0c
#21964
1c
#21968
0c
#21976
1c
#21980
0c
#21984
1c
#21992
0c
#22000
1c
#22008
0c
#22016
1c
#22028
0c
#22040
1c
#22044
0c
#22048
1c
#22056
0c
#22060
1c
#22064
0c
#22072
1c
#22080
0c
#22084
1c
#22088
0c
#22096
1c
#22100
0c
#22104
1c
#22112
0c
#22120
1c
#22124
0c
#22128
1c
#22132
0c
#22136
1c
#22140
0c
#22144
1c
#22148
0c
#22152
1c
#22156
0c
#22160
1c
#22168
0c
#22172
1c
#22176
0c
#22180
1c
#22184
0c
#22192
1c
#22200
0c
#22204
1c
#22208
0c
#22216
1c
#22224
0c
#22232
1c
#22236
0c
#22240
1c
#22248
0c
#22256
1c
#22264
0c
#22272
1c
#22284
0c
#22292
1c
#22296
0c
#22304
1c
#22312
0c
#22320
1c
#22324
0c
#22328
1c
#22332
0c
#22336
1c
#22340
0c
#22344
1c
#22348
0c
#22352
1c
#22360
0c
#22368
1c
#22376
0c
#22384
1c
#22388
0c
#22392
1c
#22400
0c
#22408
1c
#22416
0c
#22424
1c
#22432
0c
#22436
1c
#22440
0c
#22444
1c
#22448
0c
#22452
1c
#22456
0c
#22460
1c
#22464
0c
#22472
1c
#22480
0c
#22484
1c
#22488
0c
#22492
1c
#22496
0c
#22504
1c
#22512
0c
#22520
1c
#22524
0c
#22528
1c
#22540
0c
#22552
1c
#22556
0c
#22560
1c
#22564
0c
#22568
1c
#22576
0c
#22584
1c
#22592
0c
#22600
1c
#22608
0c
#22616
1c
#22624
0c
#22632
1c
#22640
0c
#22648
1c
#22656
0c
#22664
1c
#22672
0c
#22680
1c
#22688
0c
#22696
1c
#22704
0c
#22712
1c
#22720
0c
#22728
1c
#22736
0c
#22744
1c
#22748
0c
#22752
1c
#22760
0c
#22768
1c
#22776
0c
#22784
1c
#22796
0c
#22804
1c
#22808
0c
#22816
1c
#22824
0c
#22832
1c
#22840
0c
#22848
1c
#22856
0c
#22864
1c
#22872
0c
#22880
1c
#22888
0c
#22896
1c
#22904
0c
#22912
1c
#22920
0c
#22928
1c
#22936
0c
#22944
1c
#22952
0c
#22960
1c
#22968
0c
#22976
1c
#22984
0c
#22992
1c
#23000
0c
#23008
1c
#23016
0c
#23024
1c
#23032
0c
#23040
1c
#23052
0c
#23064
1c
#23068
0c
#23072
1c
#23080
0c
#23084
1c
#23088
0c
#23096
1c
#23104
0c
#23108
1c
#23112
0c
#23120
1c
#23124
0c
#23128
1c
#23136
0c
#23144
1c
#23148
0c
#23152
1c
#23156
0c
#23160
1c
#23164
0c
#23168
1c
#23172
0c
#23176
1c
#23180
0c
#23184
1c
#23192
0c
#23196
1c
#23200
0c
#23204
1c
#23208
0c
#23216
1c
#23224
0c
#23228
1c
#23232
0c
#23240
1c
#23248
0c
#23256
1c
#23260
0c
#23264
1c
#23272
0c
#23280
1c
#23288
0c
#23296
1c
#23308
0c
#23316
1c
#23320
0c
#23328
1c
#23336
0c
#23344
1c
#23348
0c
#23352
1c
#23360
0c
#23368
1c
#23376
0c
#23380
1c
#23384
0c
#23388
1c
#23392
0c
#23396
1c
#23400
0c
#23404
1c
#23408
0c
#23416
1c
#23420
0c
#23424
1c
#23428
0c
#23432
1c
#23436
0c
#23440
1c
#23444
0c
#23448
1c
#23452
0c
#23456
1c
#23464
0c
#23472
1c
#23480
0c
#23488
1c
#23492
0c
#23496
1c
#23500
0c
#23504
1c
#23512
0c
#23520
1c
#23528
0c
#23536
1c
#23544
0c
#23552
1c
#23564
0c
#23576
1c
#23580
0c
#23584
1c
#23592
0c
#23600
1c
#23608
0c
#23612
1c
#23616
0c
#23624
1c
#23632
0c
#23640
1c
#23644
0c
#23648
1c
#23652
0c
#23656
1c
#23664
0c
#23668
1c
#23672
0c
#23676
1c
#23680
0c
#23684
1c
#23688
0c
#23692
1c
#23696
0c
#23700
1c
#23704
0c
#23712
1c
#23716
0c
#23720
1c
#23728
0c
#23732
1c
#23736
0c
#23744
1c
#23752
0c
#23756
1c
#23760
0c
#23768
1c
#23772
0c
#23776
1c
#23784
0c
#23792
1c
#23800
0c
#23808
1c
#23820
0c
#23828
1c
#23832
0c
#23840
1c
#23848
0c
#23856
1c
#23864
0c
#23868
1c
#23872
0c
#23876
1c
#23880
0c
#23884
1c
#23888
0c
#23892
1c
#23896
0c
#23904
1c
#23912
0c
#23916
1c
#23920
0c
#23928
1c
#23936
0c
#23944
1c
#23952
0c
#23960
1c
#23964
0c
#23968
1c
#23976
0c
#23980
1c
#23984
0c
#23992
1c
#23996
0c
#24000
1c
#24004
0c
#24008
1c
#24016
0c
#24020
1c
#24024
0c
#24032
1c
#24040
0c
#24048
1c
#24056
0c
#24064
1c
#24076
0c
#24088
1c
#24092
0c
#24096
1c
#24104
0c
#24112
1c
#24116
0c
#24120
1c
#24124
0c
#24128
1c
#24132
0c
#24136
1c
#24140
0c
#24144
1c
#24152
0c
#24160
1c
#24168
0c
#24176
1c
#24180
0c
#24184
1c
#24192
0c
#24200
1c
#24208
0c
#24216
1c
#24224
0c
#24228
1c
#24232
0c
#24236
1c
#24240
0c
#24244
1c
#24248
0c
#24252
1c
#24256
0c
#24264
1c
#24272
0c
#24276
1c
#24280
0c
#24284
1c
#24288
0c
#24296
1c
#24304
0c
#24312
1c
#24316
0c
#24320
1c
#24332
0c
#24340
1c
#24344
0c
#24352
1c
#24360
0c
#24364
1c
#24368
0c
#24372
1c
#24376
0c
#24380
1c
#24384
0c
#24392
1c
#24396
0c
#24400
1c
#24408
0c
#24412
1c
#24416
0c
#24420
1c
#24424
0c
#24432
1c
#24440
0c
#24448
1c
#24456
0c
#24464
1c
#24468
0c
#24472
1c
#24480
0c
#24488
1c
#24492
0c
#24496
1c
#24500
0c
#24504
1c
#24512
0c
#24516
1c
#24520
0c
#24524
1c
#24528
0c
#24532
1c
#24536
0c
#24544
1c
#24552
0c
#24560
1c
#24568
0c
#24576
1c
#24588
0c
#24600
1c
#24604
0c
#24608
1c
#24616
0c
#24624
1c
#24632
0c
#24640
1c
#24648
0c
#24656
1c
#24664
0c
#24672
1c
#24680
0c
#24688
1c
#24696
0c
#24704
1c
#24712
0c
#24720
1c
#24728
0c
#24736
1c
#24744
0c
#24752
1c
#24760
0c
#24768
1c
#24776
0c
#24784
1c
#24792
0c
#24800
1c
#24808
0c
#24816
1c
#24824
0c
#24832
1c
#24844
0c
#24852
1c
#24856
0c
#24864
1c
#24868
0c
#24872
1c
#24876
0c
#24880
1c
#24884
0c
#24888
1c
#24892
0c
#24896
1c
#24900
0c
#24904
1c
#24908
0c
#24912
1c
#24916
0c
#24920
1c
#24924
0c
#24928
1c
#24932
0c
#24936
1c
#24940
0c
#24944
1c
#24948
0c
#24952
1c
#24956
0c
#24960
1c
#24964
0c
#24968
1c
#24972
0c
#24976
1c
#24980
0c
#24984
1c
#24988
0c
#24992
1c
#24996
0c
#25000
1c
#25004
0c
#25008
1c
#25012
0c
#25016
1c
#25020
0c
#25024
1c
#25028
0c
#25032
1c
#25036
0c
#25040
1c
#25044
0c
#25048
1c
#25056
0c
#25064
1c
#25072
0c
#25080
1c
#25084
0c
#25088
1c
#25100
0c
#25112
1c
#25116
0c
#25120
1c
#25128
0c
#25136
1c
#25140
0c
#25144
1c
#25152
0c
#25160
1c
#25168
0c
#25172
1c
#25176
0c
#25180
1c
#25184
0c
#25188
1c
#25192
0c
#25196
1c
#25200
0c
#25208
1c
#25212
0c
#25216
1c
#25220
0c
#25224
1c
#25228
0c
#25232
1c
#25236
0c
#25240
1c
#25244
0c
#25248
1c
#25256
0c
#25264
1c
#25272
0c
#25280
1c
#25284
0c
#25288
1c
#25292
0c
#25296
1c
#25304
0c
#25312
1c
#25320
0c
#25328
1c
#25336
0c
#25344
1c
#25356
0c
#25364
1c
#25368
0c
#25376
1c
#25384
0c
#25388
1c
#25392
0c
#25396
1c
#25400
0c
#25404
1c
#25408
0c
#25416
1c
#25420
0c
#25424
1c
#25432
0c
#25436
1c
#25440
0c
#25444
1c
#25448
0c
#25456
1c
#25464
0c
#25472
1c
#25480
0c
#25488
1c
#25492
0c
#25496
1c
#25504
0c
#25512
1c
#25516
0c
#25520
1c
#25524
0c
#25528
1c
#25536
0c
#25540
1c
#25544
0c
#25548
1c
#25552
0c
#25556
1c
#25560
0c
#25568
1c
#25576
0c
#25584
1c
#25592
0c
#25600
1c
#25612
0c
#25624
1c
#25628
0c
#25632
1c
#25640
0c
#25648
1c
#25656
0c
#25660
1c
#25664
0c
#25668
1c
#25672
0c
#25676
1c
#25680
0c
#25684
1c
#25688
0c
#25696
1c
#25704
0c
#25708
1c
#25712
0c
#25720
1c
#25728
0c
#25736
1c
#25744
0c
#25752
1c
#25756
0c
#25760
1c
#25768
0c
#25772
1c
#25776
0c
#25784
1c
#25788
0c
#25792
1c
#25796
0c
#25800
1c
#25808
0c
#25812
1c
#25816
0c
#25824
1c
#25832
0c
#25840
1c
#25848
0c
#25856
1c
#25868
0c
#25876
1c
#25880
0c
#25888
1c
#25896
0c
#25904
1c
#25912
0c
#25916
1c
#25920
0c
#25924
1c
#25928
0c
#25932
1c
#25936
0c
#25940
1c
#25944
0c
#25952
1c
#25960
0c
#25964
1c
#25968
0c
#25976
1c
#25984
0c
#25992
1c
#26000
0c
#26008
1c
#26012
0c
#26016
1c
#26024
0c
#26028
1c
#26032
0c
#26040
1c
#26044
0c
#26048
1c
#26052
0c
#26056
1c
#26064
0c
#26068
1c
#26072
0c
#26080
1c
#26088
0c
#26096
1c
#26104
0c
#26112
1c
#26124
0c
#26136
1c
#26140
0c
#26144
1c
#26152
0c
#26156
1c
#26160
0c
#26164
1c
#26168
0c
#26172
1c
#26176
0c
#26184
1c
#26188
0c
#26192
1c
#26200
0c
#26204
1c
#26208
0c
#26212
1c
#26216
0c
#26224
1c
#26232
0c
#26240
1c
#26248
0c
#26256
1c
#26260
0c
#26264
1c
#26272
0c
#26280
1c
#26284
0c
#26288
1c
#26292
0c
#26296
1c
#26304
0c
#26308
1c
#26312
0c
#26316
1c
#26320
0c
#26324
1c
#26328
0c
#26336
1c
#26344
0c
#26352
1c
#26360
0c
#26368
1c
#26380
0c
#26388
1c
#26392
0c
#26400
1c
#26408
0c
#26416
1c
#26420
0c
#26424
1c
#26432
0c
#26440
1c
#26448
0c
#26452
1c
#26456
0c
#26460
1c
#26464
0c
#26468
1c
#26472
0c
#26476
1c
#26480
0c
#26488
1c
#26492
0c
#26496
1c
#26500
0c
#26504
1c
#26508
0c
#26512
1c
#26516
0c
#26520
1c
#26524
0c
#26528
1c
#26536
0c
#26544
1c
#26552
0c
#26560
1c
#26564
0c
#26568
1c
#26572
0c
#26576
1c
#26584
0c
#26592
1c
#26600
0c
#26608
1c
#26616
0c
#26624
1c
#26636
0c
#26648
1c
#26652
0c
#26656
1c
#26660
0c
#26664
1c
#26668
0c
#26672
1c
#26676
0c
#26680
1c
#26684
0c
#26688
1c
#26692
0c
#26696
1c
#26700
0c
#26704
1c
#26708
0c
#26712
1c
#26716
0c
#26720
1c
#26724
0c
#26728
1c
#26732
0c
#26736
1c
#26740
0c
#26744
1c
#26748
0c
#26752
1c
#26756
0c
#26760
1c
#26764
0c
#26768
1c
#26772
0c
#26776
1c
#26780
0c
#26784
1c
#26788
0c
#26792
1c
#26796
0c
#26800
1c
#26804
0c
#26808
1c
#26812
0c
#26816
1c
#26820
0c
#26824
1c
#26828
0c
#26832
1c
#26836
0c
#26840
1c
#26848
0c
#26856
1c
#26864
0c
#26872
1c
#26876
0c
#26880
1c
#26892
0c
#26900
1c
#26904
0c
#26912
1c
#26920
0c
#26928
1c
#26936
0c
#26944
1c
#26952
0c
#26960
1c
#26968
0c
#26976
1c
#26984
0c
#26992
1c
#27000
0c
#27008
1c
#27016
0c
#27024
1c
#27032
0c
#27040
1c
#27048
0c
#27056
1c
#27064
0c
#27072
1c
#27080
0c
#27088
1c
#27096
0c
#27104
1c
#27112
0c
#27120
1c
#27128
0c
#27136
1c
#27148
0c
#27160
1c
#27164
0c
#27168
1c
#27176
0c
#27180
1c
#27184
0c
#27188
1c
#27192
0c
#27196
1c
#27200
0c
#27208
1c
#27212
0c
#27216
1c
#27224
0c
#27228
1c
#27232
0c
#27236
1c
#27240
0c
#27248
1c
#27256
0c
#27264
1c
#27272
0c
#27280
1c
#27284
0c
#27288
1c
#27296
0c
#27304
1c
#27308
0c
#27312
1c
#27316
0c
#27320
1c
#27328
0c
#27332
1c
#27336
0c
#27340
1c
#27344
0c
#27348
1c
#27352
0c
#27360
1c
#27368
0c
#27376
1c
#27384
0c
#27392
1c
#27404
0c
#27412
1c
#27416
0c
#27424
1c
#27432
0c
#27440
1c
#27444
0c
#27448
1c
#27452
0c
#27456
1c
#27460
0c
#27464
1c
#27468
0c
#27472
1c
#27480
0c
#27488
1c
#27496
0c
#27504
1c
#27508
0c
#27512
1c
#27520
0c
#27528
1c
#27536
0c
#27544
1c
#27552
0c
#27556
1c
#27560
0c
#27564
1c
#27568
0c
#27572
1c
#27576
0c
#27580
1c
#27584
0c
#27592
1c
#27600
0c
#27604
1c
#27608
0c
#27612
1c
#27616
0c
#27624
1c
#27632
0c
#27640
1c
#27644
0c
#27648
1c
#27660
0c
#27672
1c
#27676
0c
#27680
1c
#27688
0c
#27696
1c
#27704
0c
#27708
1c
#27712
0c
#27716
1c
#27720
0c
#27724
1c
#27728
0c
#27732
1c
#27736
0c
#27744
1c
#27752
0c
#27756
1c
#27760
0c
#27768
1c
#27776
0c
#27784
1c
#27792
0c
#27800
1c
#27804
0c
#27808
1c
#27816
0c
#27820
1c
#27824
0c
#27832
1c
#27836
0c
#27840
1c
#27844
0c
#27848
1c
#27856
0c
#27860
1c
#27864
0c
#27872
1c
#27880
0c
#27888
1c
#27896
0c
#27904
1c
#27916
0c
#27924
1c
#27928
0c
#27936
1c
#27944
0c
#27952
1c
#27960
0c
#27964
1c
#27968
0c
#27976
1c
#27984
0c
#27992
1c
#27996
0c
#28000
1c
#28004
0c
#28008
1c
#28016
0c
#28020
1c
#28024
0c
#28028
1c
#28032
0c
#28036
1c
#28040
0c
#28044
1c
#28048
0c
#28052
1c
#28056
0c
#28064
1c
#28068
0c
#28072
1c
#28080
0c
#28084
1c
#28088
0c
#28096
1c
#28104
0c
#28108
1c
#28112
0c
#28120
1c
#28124
0c
#28128
1c
#28136
0c
#28144
1c
#28152
0c
#28160
1c
#28172
0c
#28184
1c
#28188
0c
#28192
1c
#28200
0c
#28208
1c
#28212
0c
#28216
1c
#28224
0c
#28232
1c
#28240
0c
#28244
1c
#28248
0c
#28252
1c
#28256
0c
#28260
1c
#28264
0c
#28268
1c
#28272
0c
#28280
1c
#28284
0c
#28288
1c
#28292
0c
#28296
1c
#28300
0c
#28304
1c
#28308
0c
#28312
1c
#28316
0c
#28320
1c
#28328
0c
#28336
1c
#28344
0c
#28352
1c
#28356
0c
#28360
1c
#28364
0c
#28368
1c
#28376
0c
#28384
1c
#28392
0c
#28400
1c
#28408
0c
#28416
1c
#28428
0c
#28436
1c
#28440
0c
#28448
1c
#28456
0c
#28460
1c
#28464
0c
#28472
1c
#28480
0c
#28484
1c
#28488
0c
#28496
1c
#28500
0c
#28504
1c
#28512
0c
#28520
1c
#28524
0c
#28528
1c
#28532
0c
#28536
1c
#28540
0c
#28544
1c
#28548
0c
#28552
1c
#28556
0c
#28560
1c
#28568
0c
#28572
1c
#28576
0c
#28580
1c
#28584
0c
#28592
1c
#28600
0c
#28604
1c
#28608
0c
#28616
1c
#28624
0c
#28632
1c
#28636
0c
#28640
1c
#28648
0c
#28656
1c
#28664
0c
#28672
1c
#28684
0c
#28696
1c
#28700
0c
#28704
1c
#28712
0c
#28720
1c
#28728
0c
#28736
1c
#28744
0c
#28752
1c
#28760
0c
#28768
1c
#28776
0c
#28784
1c
#28792
0c
#28800
1c
#28808
0c
#28816
1c
#28824
0c
#28832
1c
#28840
0c
#28848
1c
#28856
0c
#28864
1c
#28872
0c
#28880
1c
#28888
0c
#28896
1c
#28904
0c
#28912
1c
#28920
0c
#28928
1c
#28940
0c
#28948
1c
#28952
0c
#28960
1c
#28964
0c
#28968
1c
#28976
0c
#28984
1c
#28992
0c
#29000
1c
#29008
0c
#29016
1c
#29024
0c
#29032
1c
#29040
0c
#29048
1c
#29056
0c
#29064
1c
#29072
0c
#29080
1c
#29088
0c
#29096
1c
#29104
0c
#29112
1c
#29120
0c
#29128
1c
#29136
0c
#29144
1c
#29148
0c
#29152
1c
#29160
0c
#29168
1c
#29176
0c
#29184
1c
#29196
0c
#29208
1c
#29212
0c
#29216
1c
#29224
0c
#29232
1c
#29236
0c
#29240
1c
#29244
0c
#29248
1c
#29252
0c
#29256
1c
#29260
0c
#29264
1c
#29272
0c
#29280
1c
#29288
0c
#29296
1c
#29300
0c
#29304
1c
#29312
0c
#29320
1c
#29328
0c
#29336
1c
#29344
0c
#29348
1c
#29352
0c
#29356
1c
#29360
0c
#29364
1c
#29368
0c
#29372
1c
#29376
0c
#29384
1c
#29392
0c
#29396
1c
#29400
0c
#29404
1c
#29408
0c
#29416
1c
#29424
0c
#29432
1c
#29436
0c
#29440
1c
#29452
0c
#29460
1c
#29464
0c
#29472
1c
#29480
0c
#29484
1c
#29488
0c
#29496
1c
#29504
0c
#29508
1c
#29512
0c
#29520
1c
#29524
0c
#29528
1c
#29536
0c
#29544
1c
#29548
0c
#29552
1c
#29556
0c
#29560
1c
#29564
0c
#29568
1c
#29572
0c
#29576
1c
#29580
0c
#29584
1c
#29592
0c
#29596
1c
#29600
0c
#29604
1c
#29608
0c
#29616
1c
#29624
0c
#29628
1c
#29632
0c
#29640
1c
#29648
0c
#29656
1c
#29660
0c
#29664
1c
#29672
0c
#29680
1c
#29688
0c
#29696
1c
#29708
0c
#29720
1c
#29724
0c
#29728
1c
#29736
0c
#29744
1c
#29752
0c
#29756
1c
#29760
0c
#29768
1c
#29776
0c
#29784
1c
#29788
0c
#29792
1c
#29796
0c
#29800
1c
#29808
0c
#29812
1c
#29816
0c
#29820
1c
#29824
0c
#29828
1c
#29832
0c
#29836
1c
#29840
0c
#29844
1c
#29848
0c
#29856
1c
#29860
0c
#29864
1c
#29872
0c
#29876
1c
#29880
0c
#29888
1c
#29896
0c
#29900
1c
#29904
0c
#29912
1c
#29916
0c
#29920
1c
#29928
0c
#29936
1c
#29944
0c
#29952
1c
#29964
0c
#29972
1c
#29976
0c
#29984
1c
#29992
0c
#30000
1c
#30008
0c
#30012
1c
#30016
0c
#30024
1c
#30032
0c
#30040
1c
#30044
0c
#30048
1c
#30052
0c
#30056
1c
#30064
0c
#30068
1c
#30072
0c
#30076
1c
#30080
0c
#30084
1c
#30088
0c
#30092
1c
#30096
0c
#30100
1c
#30104
0c
#30112
1c
#30116
0c
#30120
1c
#30128
0c
#30132
1c
#30136
0c
#30144
1c
#30152
0c
#30156
1c
#30160
0c
#30168
1c
#30172
0c
#30176
1c
#30184
0c
#30192
1c
#30200
0c
#30208
1c
#30220
0c
#30232
1c
#30236
0c
#30240
1c
#30248
0c
#30252
1c
#30256
0c
#30264
1c
#30272
0c
#30276
1c
#30280
0c
#30288
1c
#30292
0c
#30296
1c
#30304
0c
#30312
1c
#30316
0c
#30320
1c
#30324
0c
#30328
1c
#30332
0c
#30336
1c
#30340
0c
#30344
1c
#30348
0c
#30352
1c
#30360
0c
#30364
1c
#30368
0c
#30372
1c
#30376
0c
#30384
1c
#30392
0c
#30396
1c
#30400
0c
#30408
1c
#30416
0c
#30424
1c
#30428
0c
#30432
1c
#30440
0c
#30448
1c
#30456
0c
#30464
1c
#30476
0c
#30484
1c
#30488
0c
#30496
1c
#30504
0c
#30512
1c
#30516
0c
#30520
1c
#30524
0c
#30528
1c
#30532
0c
#30536
1c
#30540
0c
#30544
1c
#30552
0c
#30560
1c
#30568
0c
#30576
1c
#30580
0c
#30584
1c
#30592
0c
#30600
1c
#30608
0c
#30616
1c
#30624
0c
#30628
1c
#30632
0c
#30636
1c
#30640
0c
#30644
1c
#30648
0c
#30652
1c
#30656
0c
#30664
1c
#30672
0c
#30676
1c
#30680
0c
#30684
1c
#30688
0c
#30696
1c
#30704
0c
#30712
1c
#30716
0c
#30720
1c
#30732
0c
#30744
1c
#30748
0c
#30752
1c
#30756
0c
#30760
1c
#30768
0c
#30776
1c
#30784
0c
#30792
1c
#30800
0c
#30808
1c
#30816
0c
#30824
1c
#30832
0c
#30840
1c
#30848
0c
#30856
1c
#30864
0c
#30872
1c
#30880
0c
#30888
1c
#30896
0c
#30904
1c
#30912
0c
#30920
1c
#30928
0c
#30936
1c
#30940
0c
#30944
1c
#30952
0c
#30960
1c
#30968
0c
#30976
1c
#30988
0c
#30996
1c
#31000
0c
#31008
1c
#31016
0c
#31024
1c
#31032
0c
#31040
1c
#31048
0c
#31056
1c
#31064
0c
#31072
1c
#31080
0c
#31088
1c
#31096
0c
#31104
1c
#31112
0c
#31120
1c
#31128
0c
#31136
1c
#31144
0c
#31152
1c
#31160
0c
#31168
1c
#31176
0c
#31184
1c
#31192
0c
#31200
1c
#31208
0c
#31216
1c
#31224
0c
#31232
1c
#31244
0c
#31256
1c
#31260
0c
#31264
1c
#31272
0c
#31276
1c
#31280
0c
#31288
1c
#31296
0c
#31300
1c
#31304
0c
#31312
1c
#31316
0c
#31320
1c
#31328
0c
#31336
1c
#31340
0c
#31344
1c
#31348
0c
#31352
1c
#31356
0c
#31360
1c
#31364
0c
#31368
1c
#31372
0c
#31376
1c
#31384
0c
#31388
1c
#31392
0c
#31396
1c
#31400
0c
#31408
1c
#31416
0c
#31420
1c
#31424
0c
#31432
1c
#31440
0c
#31448
1c
#31452
0c
#31456
1c
#31464
0c
#31472
1c
#31480
0c
#31488
1c
#31500
0c
#31508
1c
#31512
0c
#31520
1c
#31528
0c
#31536
1c
#31540
0c
#31544
1c
#31552
0c
#31560
1c
#31568
0c
#31572
1c
#31576
0c
#31580
1c
#31584
0c
#31588
1c
#31592
0c
#31596
1c
#31600
0c
#31608
1c
#31612
0c
#31616
1c
#31620
0c
#31624
1c
#31628
0c
#31632
1c
#31636
0c
#31640
1c
#31644
0c
#31648
1c
#31656
0c
#31664
1c
#31672
0c
#31680
1c
#31684
0c
#31688
1c
#31692
0c
#31696
1c
#31704
0c
#31712
1c
#31720
0c
#31728
1c
#31736
0c
#31744
1c
#31756
0c
#31768
1c
#31772
0c
#31776
1c
#31784
0c
#31792
1c
#31800
0c
#31804
1c
#31808
0c
#31816
1c
#31824
0c
#31832
1c
#31836
0c
#31840
1c
#31844
0c
#31848
1c
#31856
0c
#31860
1c
#31864
0c
#31868
1c
#31872
0c
#31876
1c
#31880
0c
#31884
1c
#31888
0c
#31892
1c
#31896
0c
#31904
1c
#31908
0c
#31912
1c
#31920
0c
#31924
1c
#31928
0c
#31936
1c
#31944
0c
#31948
1c
#31952
0c
#31960
1c
#31964
0c
#31968
1c
#31976
0c
#31984
1c
#31992
0c
#32000
1c
#32012
0c
#32020
1c
#32024
0c
#32032
1c
#32040
0c
#32048
1c
#32056
0c
#32060
1c
#32064
0c
#32068
1c
#32072
0c
#32076
1c
#32080
0c
#32084
1c
#32088
0c
#32096
1c
#32104
0c
#32108
1c
#32112
0c
#32120
1c
#32128
0c
#32136
1c
#32144
0c
#32152
1c
#32156
0c
#32160
1c
#32168
0c
#32172
1c
#32176
0c
#32184
1c
#32188
0c
#32192
1c
#32196
0c
#32200
1c
#32208
0c
#32212
1c
#32216
0c
#32224
1c
#32232
0c
#32240
1c
#32248
0c
#32256
1c
#32268
0c
#32280
1c
#32284
0c
#32288
1c
#32296
0c
#32304
1c
#32308
0c
#32312
1c
#32316
0c
#32320
1c
#32324
0c
#32328
1c
#32332
0c
#32336
1c
#32344
0c
#32352
1c
#32360
0c
#32368
1c
#32372
0c
#32376
1c
#32384
0c
#32392
1c
#32400
0c
#32408
1c
#32416
0c
#32420
1c
#32424
0c
#32428
1c
#32432
0c
#32436
1c
#32440
0c
#32444
1c
#32448
0c
#32456
1c
#32464
0c
#32468
1c
#32472
0c
#32476
1c
#32480
0c
#32488
1c
#32496
0c
#32504
1c
#32508
0c
#32512
1c
#32524
0c
#32532
1c
#32536
0c
#32544
1c
#32552
0c
#32556
1c
#32560
0c
#32564
1c
#32568
0c
#32572
1c
#32576
0c
#32584
1c
#32588
0c
#32592
1c
#32600
0c
#32604
1c
#32608
0c
#32612
1c
#32616
0c
#32624
1c
#32632
0c
#32640
1c
#32648
0c
#32656
1c
#32660
0c
#32664
1c
#32672
0c
#32680
1c
#32684
0c
#32688
1c
#32692
0c
#32696
1c
#32704
0c
#32708
1c
#32712
0c
#32716
1c
#32720
0c
#32724
1c
#32728
0c
#32736
1c
#32744
0c
#32752
1c
#32760
0c
#32768
1c
#32780
0c
#32792
1c
#32796
0c
#32800
1c
#32808
0c
#32816
1c
#32824
0c
#32832
1c
#32840
0c
#32848
1c
#32856
0c
#32864
1c
#32872
0c
#32880
1c
#32888
0c
#32896
1c
#32904
0c
#32912
1c
#32920
0c
#32928
1c
#32936
0c
#32944
1c
#32952
0c
#32960
1c
#32968
0c
#32976
1c
#32984
0c
#32992
1c
#33000
0c
#33008
1c
#33016
0c
#33024
1c
#33036
0c
#33044
1c
#33048
0c
#33056
1c
#33060
0c
#33064
1c
#33068
0c
#33072
1c
#33076
0c
#33080
1c
#33084
0c
#33088
1c
#33092
0c
#33096
1c
#33100
0c
#33104
1c
#33108
0c
#33112
1c
#33116
0c
#33120
1c
#33124
0c
#33128
1c
#33132
0c
#33136
1c
#33140
0c
#33144
1c
#33148
0c
#33152
1c
#33156
0c
#33160
1c
#33164
0c
#33168
1c
#33172
0c
#33176
1c
#33180
0c
#33184
1c
#33188
0c
#33192
1c
#33196
0c
#33200
1c
#33204
0c
#33208
1c
#33212
0c
#33216
1c
#33220
0c
#33224
1c
#33228
0c
#33232
1c
#33236
0c
#33240
1c
#33248
0c
#33256
1c
#33264
0c
#33272
1c
#33276
0c
#33280
1c
#33292
0c
#33304
1c
#33308
0c
#33312
1c
#33320
0c
#33328
1c
#33332
0c
#33336
1c
#33344
0c
#33352
1c
#33360
0c
#33364
1c
#33368
0c
#33372
1c
#33376
0c
#33380
1c
#33384
0c
#33388
1c
#33392
0c
#33400
1c
#33404
0c
#33408
1c
#33412
0c
#33416
1c
#33420
0c
#33424
1c
#33428
0c
#33432
1c
#33436
0c
#33440
1c
#33448
0c
#33456
1c
#33464
0c
#33472
1c
#33476
0c
#33480
1c
#33484
0c
#33488
1c
#33496
0c
#33504
1c
#33512
0c
#33520
1c
#33528
0c
#33536
1c
#33548
0c
#33556
1c
#33560
0c
#33568
1c
#33576
0c
#33580
1c
#33584
0c
#33588
1c
#33592
0c
#33596
1c
#33600
0c
#33608
1c
#33612
0c
#33616
1c
#33624
0c
#33628
1c
#33632
0c
#33636
1c
#33640
0c
#33648
1c
#33656
0c
#33664
1c
#33672
0c
#33680
1c
#33684
0c
#33688
1c
#33696
0c
#33704
1c
#33708
0c
#33712
1c
#33716
0c
#33720
1c
#33728
0c
#33732
1c
#33736
0c
#33740
1c
#33744
0c
#33748
1c
#33752
0c
#33760
1c
#33768
0c
#33776
1c
#33784
0c
#33792
1c
#33804
0c
#33816
1c
#33820
0c
#33824
1c
#33832
0c
#33840
1c
#33848
0c
#33852
1c
#33856
0c
#33860
1c
#33864
0c
#33868
1c
#33872
0c
#33876
1c
#33880
0c
#33888
1c
#33896
0c
#33900
1c
#33904
0c
#33912
1c
#33920
0c
#33928
1c
#33936
0c
#33944
1c
#33948
0c
#33952
1c
#33960
0c
#33964
1c
#33968
0c
#33976
1c
#33980
0c
#33984
1c
#33988
0c
#33992
1c
#34000
0c
#34004
1c
#34008
0c
#34016
1c
#34024
0c
#34032
1c
#34040
0c
#34048
1c
#34060
0c
#34068
1c
#34072
0c
#34080
1c
#34088
0c
#34096
1c
#34104
0c
#34108
1c
#34112
0c
#34116
1c
#34120
0c
#34124
1c
#34128
0c
#34132
1c
#34136
0c
#34144
1c
#34152
0c
#34156
1c
#34160
0c
#34168
1c
#34176
0c
#34184
1c
#34192
0c
#34200
1c
#34204
0c
#34208
1c
#34216
0c
#34220
1c
#34224
0c
#34232
1c
#34236
0c
#34240
1c
#34244
0c
#34248
1c
#34256
0c
#34260
1c
#34264
0c
#34272
1c
#34280
0c
#34288
1c
#34296
0c
#34304
1c
#34316
0c
#34328
1c
#34332
0c
#34336
1c
#34344
0c
#34348
1c
#34352
0c
#34356
1c
#34360
0c
#34364
1c
#34368
0c
#34376
1c
#34380
0c
#34384
1c
#34392
0c
#34396
1c
#34400
0c
#34404
1c
#34408
0c
#34416
1c
#34424
0c
#34432
1c
#34440
0c
#34448
1c
#34452
0c
#34456
1c
#34464
0c
#34472
1c
#34476
0c
#34480
1c
#34484
0c
#34488
1c
#34496
0c
#34500
1c
#34504
0c
#34508
1c
#34512
0c
#34516
1c
#34520
0c
#34528
1c
#34536
0c
#34544
1c
#34552
0c
#34560
1c
#34572
0c
#34580
1c
#34584
0c
#34592
1c
#34600
0c
#34608
1c
#34612
0c
#34616
1c
#34624
0c
#34632
1c
#34640
0c
#34644
1c
#34648
0c
#34652
1c
#34656
0c
#34660
1c
#34664
0c
#34668
1c
#34672
0c
#34680
1c
#34684
0c
#34688
1c
#34692
0c
#34696
1c
#34700
0c
#34704
1c
#34708
0c
#34712
1c
#34716
0c
#34720
1c
#34728
0c
#34736
1c
#34744
0c
#34752
1c
#34756
0c
#34760
1c
#34764
0c
#34768
1c
#34776
0c
#34784
1c
#34792
0c
#34800
1c
#34808
0c
#34816
1c
#34828
0c
#34840
1c
#34844
0c
#34848
1c
#34852
0c
#34856
1c
#34860
0c
#34864
1c
#34868
0c
#34872
1c
#34876
0c
#34880
1c
#34884
0c
#34888
1c
#34892
0c
#34896
1c
#34900
0c
#34904
1c
#34908
0c
#34912
1c
#34916
0c
#34920
1c
#34924
0c
#34928
1c
#34932
0c
#34936
1c
#34940
0c
#34944
1c
#34948
0c
#34952
1c
#34956
0c
#34960
1c
#34964
0c
#34968
1c
#34972
0c
#34976
1c
#34980
0c
#34984
1c
#34988
0c
#34992
1c
#34996
0c
#35000
1c
#35004
0c
#35008
1c
#35012
0c
#35016
1c
#35020
0c
#35024
1c
#35028
0c
#35032
1c
#35040
0c
#35048
1c
#35056
0c
#35064
1c
#35068
0c
#35072
1c
#35084
0c
#35092
1c
#35096
0c
#35104
1c
#35112
0c
#35120
1c
#35128
0c
#35136
1c
#35144
0c
#35152
1c
#35160
0c
#35168
1c
#35176
0c
#35184
1c
#35192
0c
#35200
1c
#35208
0c
#35216
1c
#35224
0c
#35232
1c
#35240
0c
#35248
1c
#35256
0c
#35264
1c
#35272
0c
#35280
1c
#35288
0c
#35296
1c
#35304
0c
#35312
1c
#35320
0c
#35328
1c
#35340
0c
#35352
1c
#35356
0c
#35360
1c
#35368
0c
#35372
1c
#35376
0c
#35380
1c
#35384
0c
#35388
1c
#35392
0c
#35400
1c
#35404
0c
#35408
1c
#35416
0c
#35420
1c
#35424
0c
#35428
1c
#35432
0c
#35440
1c
#35448
0c
#35456
1c
#35464
0c
#35472
1c
#35476
0c
#35480
1c
#35488
0c
#35496
1c
#35500
0c
#35504
1c
#35508
0c
#35512
1c
#35520
0c
#35524
1c
#35528
0c
#35532
1c
#35536
0c
#35540
1c
#35544
0c
#35552
1c
#35560
0c
#35568
1c
#35576
0c
#35584
1c
#35596
0c
#35604
1c
#35608
0c
#35616
1c
#35624
0c
#35632
1c
#35636
0c
#35640
1c
#35644
0c
#35648
1c
#35652
0c
#35656
1c
#35660
0c
#35664
1c
#35672
0c
#35680
1c
#35688
0c
#35696
1c
#35700
0c
#35704
1c
#35712
0c
#35720
1c
#35728
0c
#35736
1c
#35744
0c
#35748
1c
#35752
0c
#35756
1c
#35760
0c
#35764
1c
#35768
0c
#35772
1c
#35776
0c
#35784
1c
#35792
0c
#35796
1c
#35800
0c
#35804
1c
#35808
0c
#35816
1c
#35824
0c
#35832
1c
#35836
0c
#35840
1c
#35852
0c
#35864
1c
#35868
0c
#35872
1c
#35880
0c
#35888
1c
#35896
0c
#35900
1c
#35904
0c
#35908
1c
#35912
0c
#35916
1c
#35920
0c
#35924
1c
#35928
0c
#35936
1c
#35944
0c
#35948
1c
#35952
0c
#35960
1c
#35968
0c
#35976
1c
#35984
0c
#35992
1c
#35996
0c
#36000
1c
#36008
0c
#36012
1c
#36016
0c
#36024
1c
#36028
0c
#36032
1c
#36036
0c
#36040
1c
#36048
0c
#36052
1c
#36056
0c
#36064
1c
#36072
0c
#36080
1c
#36088
0c
#36096
1c
#36108
0c
#36116
1c
#36120
0c
#36128
1c
#36136
0c
#36144
1c
#36152
0c
#36156
1c
#36160
0c
#36168
1c
#36176
0c
#36184
1c
#36188
0c
#36192
1c
#36196
0c
#36200
1c
#36208
0c
#36212
1c
#36216
0c
#36220
1c
#36224
0c
#36228
1c
#36232
0c
#36236
1c
#36240
0c
#36244
1c
#36248
0c
#36256
1c
#36260
0c
#36264
1c
#36272
0c
#36276
1c
#36280
0c
#36288
1c
#36296
0c
#36300
1c
#36304
0c
#36312
1c
#36316
0c
#36320
1c
#36328
0c
#36336
1c
#36344
0c
#36352
1c
#36364
0c
#36376
1c
#36380
0c
#36384
1c
#36392
0c
#36400
1c
#36404
0c
#36408
1c
#36416
0c
#36424
1c
#36432
0c
#36436
1c
#36440
0c
#36444
1c
#36448
0c
#36452
1c
#36456
0c
#36460
1c
#36464
0c
#36472
1c
#36476
0c
#36480
1c
#36484
0c
#36488
1c
#36492
0c
#36496
1c
#36500
0c
#36504
1c
#36508
0c
#36512
1c
#36520
0c
#36528
1c
#36536
0c
#36544
1c
#36548
0c
#36552
1c
#36556
0c
#36560
1c
#36568
0c
#36576
1c
#36584
0c
#36592
1c
#36600
0c
#36608
1c
#36620
0c
#36628
1c
#36632
0c
#36640
1c
#36648
0c
#36652
1c
#36656
0c
#36664
1c
#36672
0c
#36676
1c
#36680
0c
#36688
1c
#36692
0c
#36696
1c
#36704
0c
#36712
1c
#36716
0c
#36720
1c
#36724
0c
#36728
1c
#36732
0c
#36736
1c
#36740
0c
#36744
1c
#36748
0c
#36752
1c
#36760
0c
#36764
1c
#36768
0c
#36772
1c
#36776
0c
#36784
1c
#36792
0c
#36796
1c
#36800
0c
#36808
1c
#36816
0c
#36824
1c
#36828
0c
#36832
1c
#36840
0c
#36848
1c
#36856
0c
#36864
1c
#36876
0c
#36888
1c
#36892
0c
#36896
1c
#36904
0c
#36912
1c
#36920
0c
#36928
1c
#36936
0c
#36944
1c
#36952
0c
#36960
1c
#36968
0c
#36976
1c
#36984
0c
#36992
1c
#37000
0c
#37008
1c
#37016
0c
#37024
1c
#37032
0c
#37040
1c
#37048
0c
#37056
1c
#37064
0c
#37072
1c
#37080
0c
#37088
1c
#37096
0c
#37104
1c
#37112
0c
#37120
1c
#37132
0c
#37140
1c
#37144
0c
#37152
1c
#37156
0c
#37160
1c
#37168
0c
#37176
1c
#37184
0c
#37192
1c
#37200
0c
#37208
1c
#37216
0c
#37224
1c
#37232
0c
#37240
1c
#37248
0c
#37256
1c
#37264
0c
#37272
1c
#37280
0c
#37288
1c
#37296
0c
#37304
1c
#37312
0c
#37320
1c
#37328
0c
#37336
1c
#37340
0c
#37344
1c
#37352
0c
#37360
1c
#37368
0c
#37376
1c
#37388
0c
#37400
1c
#37404
0c
#37408
1c
#37416
0c
#37424
1c
#37428
0c
#37432
1c
#37436
0c
#37440
1c
#37444
0c
#37448
1c
#37452
0c
#37456
1c
#37464
0c
#37472
1c
#37480
0c
#37488
1c
#37492
0c
#37496
1c
#37504
0c
#37512
1c
#37520
0c
#37528
1c
#37536
0c
#37540
1c
#37544
0c
#37548
1c
#37552
0c
#37556
1c
#37560
0c
#37564
1c
#37568
0c
#37576
1c
#37584
0c
#37588
1c
#37592
0c
#37596
1c
#37600
0c
#37608
1c
#37616
0c
#37624
1c
#37628
0c
#37632
1c
#37644
0c
#37652
1c
#37656
0c
#37664
1c
#37672
0c
#37676
1c
#37680
0c
#37688
1c
#37696
0c
#37700
1c
#37704
0c
#37712
1c
#37716
0c
#37720
1c
#37728
0c
#37736
1c
#37740
0c
#37744
1c
#37748
0c
#37752
1c
#37756
0c
#37760
1c
#37764
0c
#37768
1c
#37772
0c
#37776
1c
#37784
0c
#37788
1c
#37792
0c
#37796
1c
#37800
0c
#37808
1c
#37816
0c
#37820
1c
#37824
0c
#37832
1c
#37840
0c
#37848
1c
#37852
0c
#37856
1c
#37864
0c
#37872
1c
#37880
0c
#37888
1c
#37900
0c
#37912
1c
#37916
0c
#37920
1c
#37928
0c
#37936
1c
#37944
0c
#37948
1c
#37952
0c
#37960
1c
#37968
0c
#37976
1c
#37980
0c
#37984
1c
#37988
0c
#37992
1c
#38000
0c
#38004
1c
#38008
0c
#38012
1c
#38016
0c
#38020
1c
#38024
0c
#38028
1c
#38032
0c
#38036
1c
#38040
0c
#38048
1c
#38052
0c
#38056
1c
#38064
0c
#38068
1c
#38072
0c
#38080
1c
#38088
0c
#38092
1c
#38096
0c
#38104
1c
#38108
0c
#38112
1c
#38120
0c
#38128
1c
#38136
0c
#38144
1c
#38156
0c
#38164
1c
#38168
0c
#38176
1c
#38184
0c
#38192
1c
#38200
0c
#38204
1c
#38208
0c
#38216
1c
#38224
0c
#38232
1c
#38236
0c
#38240
1c
#38244
0c
#38248
1c
#38256
0c
#38260
1c
#38264
0c
#38268
1c
#38272
0c
#38276
1c
#38280
0c
#38284
1c
#38288
0c
#38292
1c
#38296
0c
#38304
1c
#38308
0c
#38312
1c
#38320
0c
#38324
1c
#38328
0c
#38336
1c
#38344
0c
#38348
1c
#38352
0c
#38360
1c
#38364
0c
#38368
1c
#38376
0c
#38384
1c
#38392
0c
#38400
1c
#38412
0c
#38424
1c
#38428
0c
#38432
1c
#38440
0c
#38444
1c
#38448
0c
#38456
1c
#38464
0c
#38468
1c
#38472
0c
#38480
1c
#38484
0c
#38488
1c
#38496
0c
#38504
1c
#38508
0c
#38512
1c
#38516
0c
#38520
1c
#38524
0c
#38528
1c
#38532
0c
#38536
1c
#38540
0c
#38544
1c
#38552
0c
#38556
1c
#38560
0c
#38564
1c
#38568
0c
#38576
1c
#38584
0c
#38588
1c
#38592
0c
#38600
1c
#38608
0c
#38616
1c
#38620
0c
#38624
1c
#38632
0c
#38640
1c
#38648
0c
#38656
1c
#38668
0c
#38676
1c
#38680
0c
#38688
1c
#38696
0c
#38704
1c
#38708
0c
#38712
1c
#38716
0c
#38720
1c
#38724
0c
#38728
1c
#38732
0c
#38736
1c
#38744
0c
#38752
1c
#38760
0c
#38768
1c
#38772
0c
#38776
1c
#38784
0c
#38792
1c
#38800
0c
#38808
1c
#38816
0c
#38820
1c
#38824
0c
#38828
1c
#38832
0c
#38836
1c
#38840
0c
#38844
1c
#38848
0c
#38856
1c
#38864
0c
#38868
1c
#38872
0c
#38876
1c
#38880
0c
#38888
1c
#38896
0c
#38904
1c
#38908
0c
#38912
1c
#38924
0c
#38936
1c
#38940
0c
#38944
1c
#38948
0c
#38952
1c
#38960
0c
#38968
1c
#38976
0c
#38984
1c
#38992
0c
#39000
1c
#39008
0c
#39016
1c
#39024
0c
#39032
1c
#39040
0c
#39048
1c
#39056
0c
#39064
1c
#39072
0c
#39080
1c
#39088
0c
#39096
1c
#39104
0c
#39112
1c
#39120
0c
#39128
1c
#39132
0c
#39136
1c
#39144
0c
#39152
1c
#39160
0c
#39168
1c
#39180
0c
#39188
1c
#39192
0c
#39200
1c
#39208
0c
#39216
1c
#39224
0c
#39232
1c
#39240
0c
#39248
1c
#39256
0c
#39264
1c
#39272
0c
#39280
1c
#39288
0c
#39296
1c
#39304
0c
#39312
1c
#39320
0c
#39328
1c
#39336
0c
#39344
1c
#39352
0c
#39360
1c
#39368
0c
#39376
1c
#39384
0c
#39392
1c
#39400
0c
#39408
1c
#39416
0c
#39424
1c
#39436
0c
#39448
1c
#39452
0c
#39456
1c
#39464
0c
#39468
1c
#39472
0c
#39480
1c
#39488
0c
#39492
1c
#39496
0c
#39504
1c
#39508
0c
#39512
1c
#39520
0c
#39528
1c
#39532
0c
#39536
1c
#39540
0c
#39544
1c
#39548
0c
#39552
1c
#39556
0c
#39560
1c
#39564
0c
#39568
1c
#39576
0c
#39580
1c
#39584
0c
#39588
1c
#39592
0c
#39600
1c
#39608
0c
#39612
1c
#39616
0c
#39624
1c
#39632
0c
#39640
1c
#39644
0c
#39648
1c
#39656
0c
#39664
1c
#39672
0c
#39680
1c
#39692
0c
#39700
1c
#39704
0c
#39712
1c
#39720
0c
#39728
1c
#39732
0c
#39736
1c
#39744
0c
#39752
1c
#39760
0c
#39764
1c
#39768
0c
#39772
1c
#39776
0c
#39780
1c
#39784
0c
#39788
1c
#39792
0c
#39800
1c
#39804
0c
#39808
1c
#39812
0c
#39816
1c
#39820
0c
#39824
1c
#39828
0c
#39832
1c
#39836
0c
#39840
1c
#39848
0c
#39856
1c
#39864
0c
#39872
1c
#39876
0c
#39880
1c
#39884
0c
#39888
1c
#39896
0c
#39904
1c
#39912
0c
#39920
1c
#39928
0c
#39936
1c
#39948
0c
#39960
1c
#39964
0c
#39968
1c
#39976
0c
#39984
1c
#39992
0c
#39996
1c
#40000
0c
#40008
1c
#40016
0c
#40024
1c
#40028
0c
#40032
1c
#40036
0c
#40040
1c
#40048
0c
#40052
1c
#40056
0c
#40060
1c
#40064
0c
#40068
1c
#40072
0c
#40076
1c
#40080
0c
#40084
1c
#40088
0c
#40096
1c
#40100
0c
#40104
1c
#40112
0c
#40116
1c
#40120
0c
#40128
1c
#40136
0c
#40140
1c
#40144
0c
#40152
1c
#40156
0c
#40160
1c
#40168
0c
#40176
1c
#40184
0c
#40192
1c
#40204
0c
#40212
1c
#40216
0c
#40224
1c
#40232
0c
#40240
1c
#40248
0c
#40252
1c
#40256
0c
#40260
1c
#40264
0c
#40268
1c
#40272
0c
#40276
1c
#40280
0c
#40288
1c
#40296
0c
#40300
1c
#40304
0c
#40312
1c
#40320
0c
#40328
1c
#40336
0c
#40344
1c
#40348
0c
#40352
1c
#40360
0c
#40364
1c
#40368
0c
#40376
1c
#40380
0c
#40384
1c
#40388
0c
#40392
1c
#40400
0c
#40404
1c
#40408
0c
#40416
1c
#40424
0c
#40432
1c
#40440
0c
#40448
1c
#40460
0c
#40472
1c
#40476
0c
#40480
1c
#40488
0c
#40496
1c
#40500
0c
#40504
1c
#40508
0c
#40512
1c
#40516
0c
#40520
1c
#40524
0c
#40528
1c
#40536
0c
#40544
1c
#40552
0c
#40560
1c
#40564
0c
#40568
1c
#40576
0c
#40584
1c
#40592
0c
#40600
1c
#40608
0c
#40612
1c
#40616
0c
#40620
1c
#40624
0c
#40628
1c
#40632
0c
#40636
1c
#40640
0c
#40648
1c
#40656
0c
#40660
1c
#40664
0c
#40668
1c
#40672
0c
#40680
1c
#40688
0c
#40696
1c
#40700
0c
#40704
1c
#40716
0c
#40724
1c
#40728
0c
#40736
1c
#40744
0c
#40748
1c
#40752
0c
#40756
1c
#40760
0c
#40764
1c
#40768
0c
#40776
1c
#40780
0c
#40784
1c
#40792
0c
#40796
1c
#40800
0c
#40804
1c
#40808
0c
#40816
1c
#40824
0c
#40832
1c
#40840
0c
#40848
1c
#40852
0c
#40856
1c
#40864
0c
#40872
1c
#40876
0c
#40880
1c
#40884
0c
#40888
1c
#40896
0c
#40900
1c
#40904
0c
#40908
1c
#40912
0c
#40916
1c
#40920
0c
#40928
1c
#40936
0c
#40944
1c
#40952
0c
#40960
1c
#40972
0c
#40984
1c
#40988
0c
#40992
1c
#41000
0c
#41008
1c
#41016
0c
#41024
1c
#41032
0c
#41040
1c
#41048
0c
#41056
1c
#41064
0c
#41072
1c
#41080
0c
#41088
1c
#41096
0c
#41104
1c
#41112
0c
#41120
1c
#41128
0c
#41136
1c
#41144
0c
#41152
1c
#41160
0c
#41168
1c
#41176
0c
#41184
1c
#41192
0c
#41200
1c
#41208
0c
#41216
1c
#41228
0c
#41236
1c
#41240
0c
#41248
1c
#41252
0c
#41256
1c
#41260
0c
#41264
1c
#41268
0c
#41272
1c
#41276
0c
#41280
1c
#41284
0c
#41288
1c
#41292
0c
#41296
1c
#41300
0c
#41304
1c
#41308
0c
#41312
1c
#41316
0c
#41320
1c
#41324
0c
#41328
1c
#41332
0c
#41336
1c
#41340
0c
#41344
1c
#41348
0c
#41352
1c
#41356
0c
#41360
1c
#41364
0c
#41368
1c
#41372
0c
#41376
1c
#41380
0c
#41384
1c
#41388
0c
#41392
1c
#41396
0c
#41400
1c
#41404
0c
#41408
1c
#41412
0c
#41416
1c
#41420
0c
#41424
1c
#41428
0c
#41432
1c
#41440
0c
#41448
1c
#41456
0c
#41464
1c
#41468
0c
#41472
1c
#41484
0c
#41496
1c
#41500
0c
#41504
1c
#41512
0c
#41520
1c
#41524
0c
#41528
1c
#41536
0c
#41544
1c
#41552
0c
#41556
1c
#41560
0c
#41564
1c
#41568
0c
#41572
1c
#41576
0c
#41580
1c
#41584
0c
#41592
1c
#41596
0c
#41600
1c
#41604
0c
#41608
1c
#41612
0c
#41616
1c
#41620
0c
#41624
1c
#41628
0c
#41632
1c
#41640
0c
#41648
1c
#41656
0c
#41664
1c
#41668
0c
#41672
1c
#41676
0c
#41680
1c
#41688
0c
#41696
1c
#41704
0c
#41712
1c
#41720
0c
#41728
1c
#41740
0c
#41748
1c
#41752
0c
#41760
1c
#41768
0c
#41772
1c
#41776
0c
#41780
1c
#41784
0c
#41788
1c
#41792
0c
#41800
1c
#41804
0c
#41808
1c
#41816
0c
#41820
1c
#41824
0c
#41828
1c
#41832
0c
#41840
1c
#41848
0c
#41856
1c
#41864
0c
#41872
1c
#41876
0c
#41880
1c
#41888
0c
#41896
1c
#41900
0c
#41904
1c
#41908
0c
#41912
1c
#41920
0c
#41924
1c
#41928
0c
#41932
1c
#41936
0c
#41940
1c
#41944
0c
#41952
1c
#41960
0c
#41968
1c
#41976
0c
#41984
1c
#41996
0c
#42008
1c
#42012
0c
#42016
1c
#42024
0c
#42032
1c
#42040
0c
#42044
1c
#42048
0c
#42052
1c
#42056
0c
#42060
1c
#42064
0c
#42068
1c
#42072
0c
#42080
1c
#42088
0c
#42092
1c
#42096
0c
#42104
1c
#42112
0c
#42120
1c
#42128
0c
#42136
1c
#42140
0c
#42144
1c
#42152
0c
#42156
1c
#42160
0c
#42168
1c
#42172
0c
#42176
1c
#42180
0c
#42184
1c
#42192
0c
#42196
1c
#42200
0c
#42208
1c
#42216
0c
#42224
1c
#42232
0c
#42240
1c
#42252
0c
#42260
1c
#42264
0c
#42272
1c
#42280
0c
#42288
1c
#42296
0c
#42300
1c
#42304
0c
#42308
1c
#42312
0c
#42316
1c
#42320
0c
#42324
1c
#42328
0c
#42336
1c
#42344
0c
#42348
1c
#42352
0c
#42360
1c
#42368
0c
#42376
1c
#42384
0c
#42392
1c
#42396
0c
#42400
1c
#42408
0c
#42412
1c
#42416
0c
#42424
1c
#42428
0c
#42432
1c
#42436
0c
#42440
1c
#42448
0c
#42452
1c
#42456
0c
#42464
1c
#42472
0c
#42480
1c
#42488
0c
#42496
1c
#42508
0c
#42520
1c
#42524
0c
#42528
1c
#42536
0c
#42540
1c
#42544
0c
#42548
1c
#42552
0c
#42556
1c
#42560
0c
#42568
1c
#42572
0c
#42576
1c
#42584
0c
#42588
1c
#42592
0c
#42596
1c
#42600
0c
#42608
1c
#42616
0c
#42624
1c
#42632
0c
#42640
1c
#42644
0c
#42648
1c
#42656
0c
#42664
1c
#42668
0c
#42672
1c
#42676
0c
#42680
1c
#42688
0c
#42692
1c
#42696
0c
#42700
1c
#42704
0c
#42708
1c
#42712
0c
#42720
1c
#42728
0c
#42736
1c
#42744
0c
#42752
1c
#42764
0c
#42772
1c
#42776
0c
#42784
1c
#42792
0c
#42800
1c
#42804
0c
#42808
1c
#42816
0c
#42824
1c
#42832
0c
#42836
1c
#42840
0c
#42844
1c
#42848
0c
#42852
1c
#42856
0c
#42860
1c
#42864
0c
#42872
1c
#42876
0c
#42880
1c
#42884
0c
#42888
1c
#42892
0c
#42896
1c
#42900
0c
#42904
1c
#42908
0c
#42912
1c
#42920
0c
#42928
1c
#42936
0c
#42944
1c
#42948
0c
#42952
1c
#42956
0c
#42960
1c
#42968
0c
#42976
1c
#42984
0c
#42992
1c
#43000
0c
#43008
1c
#43020
0c
#43032
1c
#43036
0c
#43040
1c
#43044
0c
#43048
1c
#43052
0c
#43056
1c
#43060
0c
#43064
1c
#43068
0c
#43072
1c
#43076
0c
#43080
1c
#43084
0c
#43088
1c
#43092
0c
#43096
1c
#43100
0c
#43104
1c
#43108
0c
#43112
1c
#43116
0c
#43120
1c
#43124
0c
#43128
1c
#43132
0c
#43136
1c
#43140
0c
#43144
1c
#43148
0c
#43152
1c
#43156
0c
#43160
1c
#43164
0c
#43168
1c
#43172
0c
#43176
1c
#43180
0c
#43184
1c
#43188
0c
#43192
1c
#43196
0c
#43200
1c
#43204
0c
#43208
1c
#43212
0c
#43216
1c
#43220
0c
#43224
1c
#43232
0c
#43240
1c
#43248
0c
#43256
1c
#43260
0c
#43264
1c
#43276
0c
#43284
1c
#43288
0c
#43296
1c
#43304
0c
#43312
1c
#43320
0c
#43328
1c
#43336
0c
#43344
1c
#43352
0c
#43360
1c
#43368
0c
#43376
1c
#43384
0c
#43392
1c
#43400
0c
#43408
1c
#43416
0c
#43424
1c
#43432
0c
#43440
1c
#43448
0c
#43456
1c
#43464
0c
#43472
1c
#43480
0c
#43488
1c
#43496
0c
#43504
1c
#43512
0c
#43520
1c
#43532
0c
#43544
1c
#43548
0c
#43552
1c
#43560
0c
#43564
1c
#43568
0c
#43572
1c
#43576
0c
#43580
1c
#43584
0c
#43592
1c
#43596
0c
#43600
1c
#43608
0c
#43612
1c
#43616
0c
#43620
1c
#43624
0c
#43632
1c
#43640
0c
#43648
1c
#43656
0c
#43664
1c
#43668
0c
#43672
1c
#43680
0c
#43688
1c
#43692
0c
#43696
1c
#43700
0c
#43704
1c
#43712
0c
#43716
1c
#43720
0c
#43724
1c
#43728
0c
#43732
1c
#43736
0c
#43744
1c
#43752
0c
#43760
1c
#43768
0c
#43776
1c
#43788
0c
#43796
1c
#43800
0c
#43808
1c
#43816
0c
#43824
1c
#43828
0c
#43832
1c
#43836
0c
#43840
1c
#43844
0c
#43848
1c
#43852
0c
#43856
1c
#43864
0c
#43872
1c
#43880
0c
#43888
1c
#43892
0c
#43896
1c
#43904
0c
#43912
1c
#43920
0c
#43928
1c
#43936
0c
#43940
1c
#43944
0c
#43948
1c
#43952
0c
#43956
1c
#43960
0c
#43964
1c
#43968
0c
#43976
1c
#43984
0c
#43988
1c
#43992
0c
#43996
1c
#44000
0c
#44008
1c
#44016
0c
#44024
1c
#44028
0c
#44032
1c
#44044
0c
#44056
1c
#44060
0c
#44064
1c
#44072
0c
#44080
1c
#44088
0c
#44092
1c
#44096
0c
#44100
1c
#44104
0c
#44108
1c
#44112
0c
#44116
1c
#44120
0c
#44128
1c
#44136
0c
#44140
1c
#44144
0c
#44152
1c
#44160
0c
#44168
1c
#44176
0c
#44184
1c
#44188
0c
#44192
1c
#44200
0c
#44204
1c
#44208
0c
#44216
1c
#44220
0c
#44224
1c
#44228
0c
#44232
1c
#44240
0c
#44244
1c
#44248
0c
#44256
1c
#44264
0c
#44272
1c
#44280
0c
#44288
1c
#44300
0c
#44308
1c
#44312
0c
#44320
1c
#44328
0c
#44336
1c
#44344
0c
#44348
1c
#44352
0c
#44360
1c
#44368
0c
#44376
1c
#44380
0c
#44384
1c
#44388
0c
#44392
1c
#44400
0c
#44404
1c
#44408
0c
#44412
1c
#44416
0c
#44420
1c
#44424
0c
#44428
1c
#44432
0c
#44436
1c
#44440
0c
#44448
1c
#44452
0c
#44456
1c
#44464
0c
#44468
1c
#44472
0c
#44480
1c
#44488
0c
#44492
1c
#44496
0c
#44504
1c
#44508
0c
#44512
1c
#44520
0c
#44528
1c
#44536
0c
#44544
1c
#44556
0c
#44568
1c
#44572
0c
#44576
1c
#44584
0c
#44592
1c
#44596
0c
#44600
1c
#44608
0c
#44616
1c
#44624
0c
#44628
1c
#44632
0c
#44636
1c
#44640
0c
#44644
1c
#44648
0c
#44652
1c
#44656
0c
#44664
1c
#44668
0c
#44672
1c
#44676
0c
#44680
1c
#44684
0c
#44688
1c
#44692
0c
#44696
1c
#44700
0c
#44704
1c
#44712
0c
#44720
1c
#44728
0c
#44736
1c
#44740
0c
#44744
1c
#44748
0c
#44752
1c
#44760
0c
#44768
1c
#44776
0c
#44784
1c
#44792
0c
#44800
1c
#44812
0c
#44820
1c
#44824
0c
#44832
1c
#44840
0c
#44844
1c
#44848
0c
#44856
1c
#44864
0c
#44868
1c
#44872
0c
#44880
1c
#44884
0c
#44888
1c
#44896
0c
#44904
1c
#44908
0c
#44912
1c
#44916
0c
#44920
1c
#44924
0c
#44928
1c
#44932
0c
#44936
1c
#44940
0c
#44944
1c
#44952
0c
#44956
1c
#44960
0c
#44964
1c
#44968
0c
#44976
1c
#44984
0c
#44988
1c
#44992
0c
#45000
1c
#45008
0c
#45016
1c
#45020
0c
#45024
1c
#45032
0c
#45040
1c
#45048
0c
#45056
1c
#45068
0c
#45080
1c
#45084
0c
#45088
1c
#45096
0c
#45104
1c
#45112
0c
#45120
1c
#45128
0c
#45136
1c
#45144
0c
#45152
1c
#45160
0c
#45168
1c
#45176
0c
#45184
1c
#45192
0c
#45200
1c
#45208
0c
#45216
1c
#45224
0c
#45232
1c
#45240
0c
#45248
1c
#45256
0c
#45264
1c
#45272
0c
#45280
1c
#45288
0c
#45296
1c
#45304
0c
#45312
1c
#45324
0c
#45332
1c
#45336
0c
#45344
1c
#45348
0c
#45352
1c
#45360
0c
#45368
1c
#45376
0c
#45384
1c
#45392
0c
#45400
1c
#45408
0c
#45416
1c
#45424
0c
#45432
1c
#45440
0c
#45448
1c
#45456
0c
#45464
1c
#45472
0c
#45480
1c
#45488
0c
#45496
1c
#45504
0c
#45512
1c
#45520
0c
#45528
1c
#45532
0c
#45536
1c
#45544
0c
#45552
1c
#45560
0c
#45568
1c
#45580
0c
#45592
1c
#45596
0c
#45600
1c
#45608
0c
#45616
1c
#45620
0c
#45624
1c
#45628
0c
#45632
1c
#45636
0c
#45640
1c
#45644
0c
#45648
1c
#45656
0c
#45664
1c
#45672
0c
#45680
1c
#45684
0c
#45688
1c
#45696
0c
#45704
1c
#45712
0c
#45720
1c
#45728
0c
#45732
1c
#45736
0c
#45740
1c
#45744
0c
#45748
1c
#45752
0c
#45756
1c
#45760
0c
#45768
1c
#45776
0c
#45780
1c
#45784
0c
#45788
1c
#45792
0c
#45800
1c
#45808
0c
#45816
1c
#45820
0c
#45824
1c
#45836
0c
#45844
1c
#45848
0c
#45856
1c
#45864
0c
#45868
1c
#45872
0c
#45880
1c
#45888
0c
#45892
1c
#45896
0c
#45904
1c
#45908
0c
#45912
1c
#45920
0c
#45928
1c
#45932
0c
#45936
1c
#45940
0c
#45944
1c
#45948
0c
#45952
1c
#45956
0c
#45960
1c
#45964
0c
#45968
1c
#45976
0c
#45980
1c
#45984
0c
#45988
1c
#45992
0c
#46000
1c
#46008
0c
#46012
1c
#46016
0c
#46024
1c
#46032
0c
#46040
1c
#46044
0c
#46048
1c
#46056
0c
#46064
1c
#46072
0c
#46080
1c
#46092
0c
#46104
1c
#46108
0c
#46112
1c
#46120
0c
#46128
1c
#46136
0c
#46140
1c
#46144
0c
#46152
1c
#46160
0c
#46168
1c
#46172
0c
#46176
1c
#46180
0c
#46184
1c
#46192
0c
#46196
1c
#46200
0c
#46204
1c
#46208
0c
#46212
1c
#46216
0c
#46220
1c
#46224
0c
#46228
1c
#46232
0c
#46240
1c
#46244
0c
#46248
1c
#46256
0c
#46260
1c
#46264
0c
#46272
1c
#46280
0c
#46284
1c
#46288
0c
#46296
1c
#46300
0c
#46304
1c
#46312
0c
#46320
1c
#46328
0c
#46336
1c
#46348
0c
#46356
1c
#46360
0c
#46368
1c
#46376
0c
#46384
1c
#46392
0c
#46396
1c
#46400
0c
#46408
1c
#46416
0c
#46424
1c
#46428
0c
#46432
1c
#46436
0c
#46440
1c
#46448
0c
#46452
1c
#46456
0c
#46460
1c
#46464
0c
#46468
1c
#46472
0c
#46476
1c
#46480
0c
#46484
1c
#46488
0c
#46496
1c
#46500
0c
#46504
1c
#46512
0c
#46516
1c
#46520
0c
#46528
1c
#46536
0c
#46540
1c
#46544
0c
#46552
1c
#46556
0c
#46560
1c
#46568
0c
#46576
1c
#46584
0c
#46592
1c
#46604
0c
#46616
1c
#46620
0c
#46624
1c
#46632
0c
#46636
1c
#46640
0c
#46648
1c
#46656
0c
#46660
1c
#46664
0c
#46672
1c
#46676
0c
#46680
1c
#46688
0c
#46696
1c
#46700
0c
#46704
1c
#46708
0c
#46712
1c
#46716
0c
#46720
1c
#46724
0c
#46728
1c
#46732
0c
#46736
1c
#46744
0c
#46748
1c
#46752
0c
#46756
1c
#46760
0c
#46768
1c
#46776
0c
#46780
1c
#46784
0c
#46792
1c
#46800
0c
#46808
1c
#46812
0c
#46816
1c
#46824
0c
#46832
1c
#46840
0c
#46848
1c
#46860
0c
#46868
1c
#46872
0c
#46880
1c
#46888
0c
#46896
1c
#46900
0c
#46904
1c
#46908
0c
#46912
1c
#46916
0c
#46920
1c
#46924
0c
#46928
1c
#46936
0c
#46944
1c
#46952
0c
#46960
1c
#46964
0c
#46968
1c
#46976
0c
#46984
1c
#46992
0c
#47000
1c
#47008
0c
#47012
1c
#47016
0c
#47020
1c
#47024
0c
#47028
1c
#47032
0c
#47036
1c
#47040
0c
#47048
1c
#47056
0c
#47060
1c
#47064
0c
#47068
1c
#47072
0c
#47080
1c
#47088
0c
#47096
1c
#47100
0c
#47104
1c
#47116
0c
#47128
1c
#47132
0c
#47136
1c
#47140
0c
#47144
1c
#47152
0c
#47160
1c
#47168
0c
#47176
1c
#47184
0c
#47192
1c
#47200
0c
#47208
1c
#47216
0c
#47224
1c
#47232
0c
#47240
1c
#47248
0c
#47256
1c
#47264
0c
#47272
1c
#47280
0c
#47288
1c
#47296
0c
#47304
1c
#47312
0c
#47320
1c
#47324
0c
#47328
1c
#47336
0c
#47344
1c
#47352
0c
#47360
1c
#47372
0c
#47380
1c
#47384
0c
#47392
1c
#47400
0c
#47408
1c
#47416
0c
#47424
1c
#47432
0c
#47440
1c
#47448
0c
#47456
1c
#47464
0c
#47472
1c
#47480
0c
#47488
1c
#47496
0c
#47504
1c
#47512
0c
#47520
1c
#47528
0c
#47536
1c
#47544
0c
#47552
1c
#47560
0c
#47568
1c
#47576
0c
#47584
1c
#47592
0c
#47600
1c
#47608
0c
#47616
1c
#47628
0c
#47640
1c
#47644
0c
#47648
1c
#47656
0c
#47660
1c
#47664
0c
#47672
1c
#47680
0c
#47684
1c
#47688
0c
#47696
1c
#47700
0c
#47704
1c
#47712
0c
#47720
1c
#47724
0c
#47728
1c
#47732
0c
#47736
1c
#47740
0c
#47744
1c
#47748
0c
#47752
1c
#47756
0c
#47760
1c
#47768
0c
#47772
1c
#47776
0c
#47780
1c
#47784
0c
#47792
1c
#47800
0c
#47804
1c
#47808
0c
#47816
1c
#47824
0c
#47832
1c
#47836
0c
#47840
1c
#47848
0c
#47856
1c
#47864
0c
#47872
1c
#47884
0c
#47892
1c
#47896
0c
#47904
1c
#47912
0c
#47920
1c
#47924
0c
#47928
1c
#47936
0c
#47944
1c
#47952
0c
#47956
1c
#47960
0c
#47964
1c
#47968
0c
#47972
1c
#47976
0c
#47980
1c
#47984
0c
#47992
1c
#47996
0c
#48000
1c
#48004
0c
#48008
1c
#48012
0c
#48016
1c
#48020
0c
#48024
1c
#48028
0c
#48032
1c
#48040
0c
#48048
1c
#48056
0c
#48064
1c
#48068
0c
#48072
1c
#48076
0c
#48080
1c
#48088
0c
#48096
1c
#48104
0c
#48112
1c
#48120
0c
#48128
1c
#48140
0c
#48152
1c
#48156
0c
#48160
1c
#48168
0c
#48176
1c
#48184
0c
#48188
1c
#48192
0c
#48200
1c
#48208
0c
#48216
1c
#48220
0c
#48224
1c
#48228
0c
#48232
1c
#48240
0c
#48244
1c
#48248
0c
#48252
1c
#48256
0c
#48260
1c
#48264
0c
#48268
1c
#48272
0c
#48276
1c
#48280
0c
#48288
1c
#48292
0c
#48296
1c
#48304
0c
#48308
1c
#48312
0c
#48320
1c
#48328
0c
#48332
1c
#48336
0c
#48344
1c
#48348
0c
#48352
1c
#48360
0c
#48368
1c
#48376
0c
#48384
1c
#48396
0c
#48404
1c
#48408
0c
#48416
1c
#48424
0c
#48432
1c
#48440
0c
#48444
1c
#48448
0c
#48452
1c
#48456
0c
#48460
1c
#48464
0c
#48468
1c
#48472
0c
#48480
1c
#48488
0c
#48492
1c
#48496
0c
#48504
1c
#48512
0c
#48520
1c
#48528
0c
#48536
1c
#48540
0c
#48544
1c
#48552
0c
#48556
1c
#48560
0c
#48568
1c
#48572
0c
#48576
1c
#48580
0c
#48584
1c
#48592
0c
#48596
1c
#48600
0c
#48608
1c
#48616
0c
#48624
1c
#48632
0c
#48640
1c
#48652
0c
#48664
1c
#48668
0c
#48672
1c
#48680
0c
#48688
1c
#48692
0c
#48696
1c
#48700
0c
#48704
1c
#48708
0c
#48712
1c
#48716
0c
#48720
1c
#48728
0c
#48736
1c
#48744
0c
#48752
1c
#48756
0c
#48760
1c
#48768
0c
#48776
1c
#48784
0c
#48792
1c
#48800
0c
#48804
1c
#48808
0c
#48812
1c
#48816
0c
#48820
1c
#48824
0c
#48828
1c
#48832
0c
#48840
1c
#48848
0c
#48852
1c
#48856
0c
#48860
1c
#48864
0c
#48872
1c
#48880
0c
#48888
1c
#48892
0c
#48896
1c
#48908
0c
#48916
1c
#48920
0c
#48928
1c
#48936
0c
#48940
1c
#48944
0c
#48948
1c
#48952
0c
#48956
1c
#48960
0c
#48968
1c
#48972
0c
#48976
1c
#48984
0c
#48988
1c
#48992
0c
#48996
1c
#49000
0c
#49008
1c
#49016
0c
#49024
1c
#49032
0c
#49040
1c
#49044
0c
#49048
1c
#49056
0c
#49064
1c
#49068
0c
#49072
1c
#49076
0c
#49080
1c
#49088
0c
#49092
1c
#49096
0c
#49100
1c
#49104
0c
#49108
1c
#49112
0c
#49120
1c
#49128
0c
#49136
1c
#49144
0c
#49152
1c
#49164
0c
#49176
1c
#49180
0c
#49184
1c
#49192
0c
#49200
1c
#49208
0c
#49216
1c
#49224
0c
#49232
1c
#49240
0c
#49248
1c
#49256
0c
#49264
1c
#49272
0c
#49280
1c
#49288
0c
#49296
1c
#49304
0c
#49312
1c
#49320
0c
#49328
1c
#49336
0c
#49344
1c
#49352
0c
#49360
1c
#49368
0c
#49376
1c
#49384
0c
#49392
1c
#49400
0c
#49408
1c
#49420
0c
#49428
1c
#49432
0c
#49440
1c
#49444
0c
#49448
1c
#49452
0c
#49456
1c
#49460
0c
#49464
1c
#49468
0c
#49472
1c
#49476
0c
#49480
1c
#49484
0c
#49488
1c
#49492
0c
#49496
1c
#49500
0c
#49504
1c
#49508
0c
#49512
1c
#49516
0c
#49520
1c
#49524
0c
#49528
1c
#49532
0c
#49536
1c
#49540
0c
#49544
1c
#49548
0c
#49552
1c
#49556
0c
#49560
1c
#49564
0c
#49568
1c
#49572
0c
#49576
1c
#49580
0c
#49584
1c
#49588
0c
#49592
1c
#49596
0c
#49600
1c
#49604
0c
#49608
1c
#49612
0c
#49616
1c
#49620
0c
#49624
1c
#49632
0c
#49640
1c
#49648
0c
#49656
1c
#49660
0c
#49664
1c
#49676
0c
#49688
1c
#49692
0c
#49696
1c
#49704
0c
#49712
1c
#49716
0c
#49720
1c
#49728
0c
#49736
1c
#49744
0c
#49748
1c
#49752
0c
#49756
1c
#49760
0c
#49764
1c
#49768
0c
#49772
1c
#49776
0c
#49784
1c
#49788
0c
#49792
1c
#49796
0c
#49800
1c
#49804
0c
#49808
1c
#49812
0c
#49816
1c
#49820
0c
#49824
1c
#49832
0c
#49840
1c
#49848
0c
#49856
1c
#49860
0c
#49864
1c
#49868
0c
#49872
1c
#49880
0c
#49888
1c
#49896
0c
#49904
1c
#49912
0c
#49920
1c
#49932
0c
#49940
1c
#49944
0c
#49952
1c
#49960
0c
#49964
1c
#49968
0c
#49972
1c
#49976
0c
#49980
1c
#49984
0c
#49992
1c
#49996
0c
#50000
1c
#50008
0c
#50012
1c
#50016
0c
#50020
1c
#50024
0c
#50032
1c
#50040
0c
#50048
1c
#50056
0c
#50064
1c
#50068
0c
#50072
1c
#50080
0c
#50088
1c
#50092
0c
#50096
1c
#50100
0c
#50104
1c
#50112
0c
#50116
1c
#50120
0c
#50124
1c
#50128
0c
#50132
1c
#50136
0c
#50144
1c
#50152
0c
#50160
1c
#50168
0c
#50176
1c
#50188
0c
#50200
1c
#50204
0c
#50208
1c
#50216
0c
#50224
1c
#50232
0c
#50236
1c
#50240
0c
#50244
1c
#50248
0c
#50252
1c
#50256
0c
#50260
1c
#50264
0c
#50272
1c
#50280
0c
#50284
1c
#50288
0c
#50296
1c
#50304
0c
#50312
1c
#50320
0c
#50328
1c
#50332
0c
#50336
1c
#50344
0c
#50348
1c
#50352
0c
#50360
1c
#50364
0c
#50368
1c
#50372
0c
#50376
1c
#50384
0c
#50388
1c
#50392
0c
#50400
1c
#50408
0c
#50416
1c
#50424
0c
#50432
1c
#50444
0c
#50452
1c
#50456
0c
#50464
1c
#50472
0c
#50480
1c
#50488
0c
#50492
1c
#50496
0c
#50500
1c
#50504
0c
#50508
1c
#50512
0c
#50516
1c
#50520
0c
#50528
1c
#50536
0c
#50540
1c
#50544
0c
#50552
1c
#50560
0c
#50568
1c
#50576
0c
#50584
1c
#50588
0c
#50592
1c
#50600
0c
#50604
1c
#50608
0c
#50616
1c
#50620
0c
#50624
1c
#50628
0c
#50632
1c
#50640
0c
#50644
1c
#50648
0c
#50656
1c
#50664
0c
#50672
1c
#50680
0c
#50688
1c
#50700
0c
#50712
1c
#50716
0c
#50720
1c
#50728
0c
#50732
1c
#50736
0c
#50740
1c
#50744
0c
#50748
1c
#50752
0c
#50760
1c
#50764
0c
#50768
1c
#50776
0c
#50780
1c
#50784
0c
#50788
1c
#50792
0c
#50800
1c
#50808
0c
#50816
1c
#50824
0c
#50832
1c
#50836
0c
#50840
1c
#50848
0c
#50856
1c
#50860
0c
#50864
1c
#50868
0c
#50872
1c
#50880
0c
#50884
1c
#50888
0c
#50892
1c
#50896
0c
#50900
1c
#50904
0c
#50912
1c
#50920
0c
#50928
1c
#50936
0c
#50944
1c
#50956
0c
#50964
1c
#50968
0c
#50976
1c
#50984
0c
#50992
1c
#50996
0c
#51000
1c
#51008
0c
#51016
1c
#51024
0c
#51028
1c
#51032
0c
#51036
1c
#51040
0c
#51044
1c
#51048
0c
#51052
1c
#51056
0c
#51064
1c
#51068
0c
#51072
1c
#51076
0c
#51080
1c
#51084
0c
#51088
1c
#51092
0c
#51096
1c
#51100
0c
#51104
1c
#51112
0c
#51120
1c
#51128
0c
#51136
1c
#51140
0c
#51144
1c
#51148
0c
#51152
1c
#51160
0c
#51168
1c
#51176
0c
#51184
1c
#51192
0c
#51200
1c
#51212
0c
#51224
1c
#51228
0c
#51232
1c
#51236
0c
#51240
1c
#51244
0c
#51248
1c
#51252
0c
#51256
1c
#51260
0c
#51264
1c
#51268
0c
#51272
1c
#51276
0c
#51280
1c
#51284
0c
#51288
1c
#51292
0c
#51296
1c
#51300
0c
#51304
1c
#51308
0c
#51312
1c
#51316
0c
#51320
1c
#51324
0c
#51328
1c
#51332
0c
#51336
1c
#51340
0c
#51344
1c
#51348
0c
#51352
1c
#51356
0c
#51360
1c
#51364
0c
#51368
1c
#51372
0c
#51376
1c
#51380
0c
#51384
1c
#51388
0c
#51392
1c
#51396
0c
#51400
1c
#51404
0c
#51408
1c
#51412
0c
#51416
1c
#51424
0c
#51432
1c
#51440
0c
#51448
1c
#51452
0c
#51456
1c
#51468
0c
#51476
1c
#51480
0c
#51488
1c
#51496
0c
#51504
1c
#51512
0c
#51520
1c
#51528
0c
#51536
1c
#51544
0c
#51552
1c
#51560
0c
#51568
1c
#51576
0c
#51584
1c
#51592
0c
#51600
1c
#51608
0c
#51616
1c
#51624
0c
#51632
1c
#51640
0c
#51648
1c
#51656
0c
#51664
1c
#51672
0c
#51680
1c
#51688
0c
#51696
1c
#51704
0c
#51712
1c
#51724
0c
#51736
1c
#51740
0c
#51744
1c
#51752
0c
#51756
1c
#51760
0c
#51764
1c
#51768
0c
#51772
1c
#51776
0c
#51784
1c
#51788
0c
#51792
1c
#51800
0c
#51804
1c
#51808
0c
#51812
1c
#51816
0c
#51824
1c
#51832
0c
#51840
1c
#51848
0c
#51856
1c
#51860
0c
#51864
1c
#51872
0c
#51880
1c
#51884
0c
#51888
1c
#51892
0c
#51896
1c
#51904
0c
#51908
1c
#51912
0c
#51916
1c
#51920
0c
#51924
1c
#51928
0c
#51936
1c
#51944
0c
#51952
1c
#51960
0c
#51968
1c
#51980
0c
#51988
1c
#51992
0c
#52000
1c
#52008
0c
#52016
1c
#52020
0c
#52024
1c
#52028
0c
#52032
1c
#52036
0c
#52040
1c
#52044
0c
#52048
1c
#52056
0c
#52064
1c
#52072
0c
#52080
1c
#52084
0c
#52088
1c
#52096
0c
#52104
1c
#52112
0c
#52120
1c
#52128
0c
#52132
1c
#52136
0c
#52140
1c
#52144
0c
#52148
1c
#52152
0c
#52156
1c
#52160
0c
#52168
1c
#52176
0c
#52180
1c
#52184
0c
#52188
1c
#52192
0c
#52200
1c
#52208
0c
#52216
1c
#52220
0c
#52224
1c
#52236
0c
#52248
1c
#52252
0c
#52256
1c
#52264
0c
#52272
1c
#52280
0c
#52284
1c
#52288
0c
#52292
1c
#52296
0c
#52300
1c
#52304
0c
#52308
1c
#52312
0c
#52320
1c
#52328
0c
#52332
1c
#52336
0c
#52344
1c
#52352
0c
#52360
1c
#52368
0c
#52376
1c
#52380
0c
#52384
1c
#52392
0c
#52396
1c
#52400
0c
#52408
1c
#52412
0c
#52416
1c
#52420
0c
#52424
1c
#52432
0c
#52436
1c
#52440
0c
#52448
1c
#52456
0c
#52464
1c
#52472
0c
#52480
1c
#52492
0c
#52500
1c
#52504
0c
#52512
1c
#52520
0c
#52528
1c
#52536
0c
#52540
1c
#52544
0c
#52552
1c
#52560
0c
#52568
1c
#52572
0c
#52576
1c
#52580
0c
#52584
1c
#52592
0c
#52596
1c
#52600
0c
#52604
1c
#52608
0c
#52612
1c
#52616
0c
#52620
1c
#52624
0c
#52628
1c
#52632
0c
#52640
1c
#52644
0c
#52648
1c
#52656
0c
#52660
1c
#52664
0c
#52672
1c
#52680
0c
#52684
1c
#52688
0c
#52696
1c
#52700
0c
#52704
1c
#52712
0c
#52720
1c
#52728
0c
#52736
1c
#52748
0c
#52760
1c
#52764
0c
#52768
1c
#52776
0c
#52784
1c
#52788
0c
#52792
1c
#52800
0c
#52808
1c
#52816
0c
#52820
1c
#52824
0c
#52828
1c
#52832
0c
#52836
1c
#52840
0c
#52844
1c
#52848
0c
#52856
1c
#52860
0c
#52864
1c
#52868
0c
#52872
1c
#52876
0c
#52880
1c
#52884
0c
#52888
1c
#52892
0c
#52896
1c
#52904
0c
#52912
1c
#52920
0c
#52928
1c
#52932
0c
#52936
1c
#52940
0c
#52944
1c
#52952
0c
#52960
1c
#52968
0c
#52976
1c
#52984
0c
#52992
1c
#53004
0c
#53012
1c
#53016
0c
#53024
1c
#53032
0c
#53036
1c
#53040
0c
#53048
1c
#53056
0c
#53060
1c
#53064
0c
#53072
1c
#53076
0c
#53080
1c
#53088
0c
#53096
1c
#53100
0c
#53104
1c
#53108
0c
#53112
1c
#53116
0c
#53120
1c
#53124
0c
#53128
1c
#53132
0c
#53136
1c
#53144
0c
#53148
1c
#53152
0c
#53156
1c
#53160
0c
#53168
1c
#53176
0c
#53180
1c
#53184
0c
#53192
1c
#53200
0c
#53208
1c
#53212
0c
#53216
1c
#53224
0c
#53232
1c
#53240
0c
#53248
1c
#53260
0c
#53272
1c
#53276
0c
#53280
1c
#53288
0c
#53296
1c
#53304
0c
#53312
1c
#53320
0c
#53328
1c
#53336
0c
#53344
1c
#53352
0c
#53360
1c
#53368
0c
#53376
1c
#53384
0c
#53392
1c
#53400
0c
#53408
1c
#53416
0c
#53424
1c
#53432
0c
#53440
1c
#53448
0c
#53456
1c
#53464
0c
#53472
1c
#53480
0c
#53488
1c
#53496
0c
#53504
1c
#53516
0c
#53524
1c
#53528
0c
#53536
1c
#53540
0c
#53544
1c
#53552
0c
#53560
1c
#53568
0c
#53576
1c
#53584
0c
#53592
1c
#53600
0c
#53608
1c
#53616
0c
#53624
1c
#53632
0c
#53640
1c
#53648
0c
#53656
1c
#53664
0c
#53672
1c
#53680
0c
#53688
1c
#53696
0c
#53704
1c
#53712
0c
#53720
1c
#53724
0c
#53728
1c
#53736
0c
#53744
1c
#53752
0c
#53760
1c
#53772
0c
#53784
1c
#53788
0c
#53792
1c
#53800
0c
#53808
1c
#53812
0c
#53816
1c
#53820
0c
#53824
1c
#53828
0c
#53832
1c
#53836
0c
#53840
1c
#53848
0c
#53856
1c
#53864
0c
#53872
1c
#53876
0c
#53880
1c
#53888
0c
#53896
1c
#53904
0c
#53912
1c
#53920
0c
#53924
1c
#53928
0c
#53932
1c
#53936
0c
#53940
1c
#53944
0c
#53948
1c
#53952
0c
#53960
1c
#53968
0c
#53972
1c
#53976
0c
#53980
1c
#53984
0c
#53992
1c
#54000
0c
#54008
1c
#54012
0c
#54016
1c
#54028
0c
#54036
1c
#54040
0c
#54048
1c
#54056
0c
#54060
1c
#54064
0c
#54072
1c
#54080
0c
#54084
1c
#54088
0c
#54096
1c
#54100
0c
#54104
1c
#54112
0c
#54120
1c
#54124
0c
#54128
1c
#54132
0c
#54136
1c
#54140
0c
#54144
1c
#54148
0c
#54152
1c
#54156
0c
#54160
1c
#54168
0c
#54172
1c
#54176
0c
#54180
1c
#54184
0c
#54192
1c
#54200
0c
#54204
1c
#54208
0c
#54216
1c
#54224
0c
#54232
1c
#54236
0c
#54240
1c
#54248
0c
#54256
1c
#54264
0c
#54272
1c
#54284
0c
#54296
1c
#54300
0c
#54304
1c
#54312
0c
#54320
1c
#54328
0c
#54332
1c
#54336
0c
#54344
1c
#54352
0c
#54360
1c
#54364
0c
#54368
1c
#54372
0c
#54376
1c
#54384
0c
#54388
1c
#54392
0c
#54396
1c
#54400
0c
#54404
1c
#54408
0c
#54412
1c
#54416
0c
#54420
1c
#54424
0c
#54432
1c
#54436
0c
#54440
1c
#54448
0c
#54452
1c
#54456
0c
#54464
1c
#54472
0c
#54476
1c
#54480
0c
#54488
1c
#54492
0c
#54496
1c
#54504
0c
#54512
1c
#54520
0c
#54528
1c
#54540
0c
#54548
1c
#54552
0c
#54560
1c
#54568
0c
#54576
1c
#54584
0c
#54588
1c
#54592
0c
#54600
1c
#54608
0c
#54616
1c
#54620
0c
#54624
1c
#54628
0c
#54632
1c
#54640
0c
#54644
1c
#54648
0c
#54652
1c
#54656
0c
#54660
1c
#54664
0c
#54668
1c
#54672
0c
#54676
1c
#54680
0c
#54688
1c
#54692
0c
#54696
1c
#54704
0c
#54708
1c
#54712
0c
#54720
1c
#54728
0c
#54732
1c
#54736
0c
#54744
1c
#54748
0c
#54752
1c
#54760
0c
#54768
1c
#54776
0c
#54784
1c
#54796
0c
#54808
1c
#54812
0c
#54816
1c
#54824
0c
#54828
1c
#54832
0c
#54840
1c
#54848
0c
#54852
1c
#54856
0c
#54864
1c
#54868
0c
#54872
1c
#54880
0c
#54888
1c
#54892
0c
#54896
1c
#54900
0c
#54904
1c
#54908
0c
#54912
1c
#54916
0c
#54920
1c
#54924
0c
#54928
1c
#54936
0c
#54940
1c
#54944
0c
#54948
1c
#54952
0c
#54960
1c
#54968
0c
#54972
1c
#54976
0c
#54984
1c
#54992
0c
#55000
1c
#55004
0c
#55008
1c
#55016
0c
#55024
1c
#55032
0c
#55040
1c
#55052
0c
#55060
1c
#55064
0c
#55072
1c
#55080
0c
#55088
1c
#55092
0c
#55096
1c
#55100
0c
#55104
1c
#55108
0c
#55112
1c
#55116
0c
#55120
1c
#55128
0c
#55136
1c
#55144
0c
#55152
1c
#55156
0c
#55160
1c
#55168
0c
#55176
1c
#55184
0c
#55192
1c
#55200
0c
#55204
1c
#55208
0c
#55212
1c
#55216
0c
#55220
1c
#55224
0c
#55228
1c
#55232
0c
#55240
1c
#55248
0c
#55252
1c
#55256
0c
#55260
1c
#55264
0c
#55272
1c
#55280
0c
#55288
1c
#55292
0c
#55296
1c
#55308
0c
#55320
1c
#55324
0c
#55328
1c
#55332
0c
#55336
1c
#55344
0c
#55352
1c
#55360
0c
#55368
1c
#55376
0c
#55384
1c
#55392
0c
#55400
1c
#55408
0c
#55416
1c
#55424
0c
#55432
1c
#55440
0c
#55448
1c
#55456
0c
#55464
1c
#55472
0c
#55480
1c
#55488
0c
#55496
1c
#55504
0c
#55512
1c
#55516
0c
#55520
1c
#55528
0c
#55536
1c
#55544
0c
#55552
1c
#55564
0c
#55572
1c
#55576
0c
#55584
1c
#55592
0c
#55600
1c
#55608
0c
#55616
1c
#55624
0c
#55632
1c
#55640
0c
#55648
1c
#55656
0c
#55664
1c
#55672
0c
#55680
1c
#55688
0c
#55696
1c
#55704
0c
#55712
1c
#55720
0c
#55728
1c
#55736
0c
#55744
1c
#55752
0c
#55760
1c
#55768
0c
#55776
1c
#55784
0c
#55792
1c
#55800
0c
#55808
1c
#55820
0c
#55832
1c
#55836
0c
#55840
1c
#55848
0c
#55852
1c
#55856
0c
#55864
1c
#55872
0c
#55876
1c
#55880
0c
#55888
1c
#55892
0c
#55896
1c
#55904
0c
#55912
1c
#55916
0c
#55920
1c
#55924
0c
#55928
1c
#55932
0c
#55936
1c
#55940
0c
#55944
1c
#55948
0c
#55952
1c
#55960
0c
#55964
1c
#55968
0c
#55972
1c
#55976
0c
#55984
1c
#55992
0c
#55996
1c
#56000
0c
#56008
1c
#56016
0c
#56024
1c
#56028
0c
#56032
1c
#56040
0c
#56048
1c
#56056
0c
#56064
1c
#56076
0c
#56084
1c
#56088
0c
#56096
1c
#56104
0c
#56112
1c
#56116
0c
#56120
1c
#56128
0c
#56136
1c
#56144
0c
#56148
1c
#56152
0c
#56156
1c
#56160
0c
#56164
1c
#56168
0c
#56172
1c
#56176
0c
#56184
1c
#56188
0c
#56192
1c
#56196
0c
#56200
1c
#56204
0c
#56208
1c
#56212
0c
#56216
1c
#56220
0c
#56224
1c
#56232
0c
#56240
1c
#56248
0c
#56256
1c
#56260
0c
#56264
1c
#56268
0c
#56272
1c
#56280
0c
#56288
1c
#56296
0c
#56304
1c
#56312
0c
#56320
1c
#56332
0c
#56344
1c
#56348
0c
#56352
1c
#56360
0c
#56368
1c
#56376
0c
#56380
1c
#56384
0c
#56392
1c
#56400
0c
#56408
1c
#56412
0c
#56416
1c
#56420
0c
#56424
1c
#56432
0c
#56436
1c
#56440
0c
#56444
1c
#56448
0c
#56452
1c
#56456
0c
#56460
1c
#56464
0c
#56468
1c
#56472
0c
#56480
1c
#56484
0c
#56488
1c
#56496
0c
#56500
1c
#56504
0c
#56512
1c
#56520
0c
#56524
1c
#56528
0c
#56536
1c
#56540
0c
#56544
1c
#56552
0c
#56560
1c
#56568
0c
#56576
1c
#56588
0c
#56596
1c
#56600
0c
#56608
1c
#56616
0c
#56624
1c
#56632
0c
#56636
1c
#56640
0c
#56644
1c
#56648
0c
#56652
1c
#56656
0c
#56660
1c
#56664
0c
#56672
1c
#56680
0c
#56684
1c
#56688
0c
#56696
1c
#56704
0c
#56712
1c
#56720
0c
#56728
1c
#56732
0c
#56736
1c
#56744
0c
#56748
1c
#56752
0c
#56760
1c
#56764
0c
#56768
1c
#56772
0c
#56776
1c
#56784
0c
#56788
1c
#56792
0c
#56800
1c
#56808
0c
#56816
1c
#56824
0c
#56832
1c
#56844
0c
#56856
1c
#56860
0c
#56864
1c
#56872
0c
#56880
1c
#56884
0c
#56888
1c
#56892
0c
#56896
1c
#56900
0c
#56904
1c
#56908
0c
#56912
1c
#56920
0c
#56928
1c
#56936
0c
#56944
1c
#56948
0c
#56952
1c
#56960
0c
#56968
1c
#56976
0c
#56984
1c
#56992
0c
#56996
1c
#57000
0c
#57004
1c
#57008
0c
#57012
1c
#57016
0c
#57020
1c
#57024
0c
#57032
1c
#57040
0c
#57044
1c
#57048
0c
#57052
1c
#57056
0c
#57064
1c
#57072
0c
#57080
1c
#57084
0c
#57088
1c
#57100
0c
#57108
1c
#57112
0c
#57120
1c
#57128
0c
#57132
1c
#57136
0c
#57140
1c
#57144
0c
#57148
1c
#57152
0c
#57160
1c
#57164
0c
#57168
1c
#57176
0c
#57180
1c
#57184
0c
#57188
1c
#57192
0c
#57200
1c
#57208
0c
#57216
1c
#57224
0c
#57232
1c
#57236
0c
#57240
1c
#57248
0c
#57256
1c
#57260
0c
#57264
1c
#57268
0c
#57272
1c
#57280
0c
#57284
1c
#57288
0c
#57292
1c
#57296
0c
#57300
1c
#57304
0c
#57312
1c
#57320
0c
#57328
1c
#57336
0c
#57344
1c
#57356
0c
#57368
1c
#57372
0c
#57376
1c
#57384
0c
#57392
1c
#57400
0c
#57408
1c
#57416
0c
#57424
1c
#57432
0c
#57440
1c
#57448
0c
#57456
1c
#57464
0c
#57472
1c
#57480
0c
#57488
1c
#57496
0c
#57504
1c
#57512
0c
#57520
1c
#57528
0c
#57536
1c
#57544
0c
#57552
1c
#57560
0c
#57568
1c
#57576
0c
#57584
1c
#57592
0c
#57600
1c
#57612
0c
#57620
1c
#57624
0c
#57632
1c
#57636
0c
#57640
1c
#57644
0c
#57648
1c
#57652
0c
#57656
1c
#57660
0c
#57664
1c
#57668
0c
#57672
1c
#57676
0c
#57680
1c
#57684
0c
#57688
1c
#57692
0c
#57696
1c
#57700
0c
#57704
1c
#57708
0c
#57712
1c
#57716
0c
#57720
1c
#57724
0c
#57728
1c
#57732
0c
#57736
1c
#57740
0c
#57744
1c
#57748
0c
#57752
1c
#57756
0c
#57760
1c
#57764
0c
#57768
1c
#57772
0c
#57776
1c
#57780
0c
#57784
1c
#57788
0c
#57792
1c
#57796
0c
#57800
1c
#57804
0c
#57808
1c
#57812
0c
#57816
1c
#57824
0c
#57832
1c
#57840
0c
#57848
1c
#57852
0c
#57856
1c
#57868
0c
#57880
1c
#57884
0c
#57888
1c
#57896
0c
#57904
1c
#57908
0c
#57912
1c
#57920
0c
#57928
1c
#57936
0c
#57940
1c
#57944
0c
#57948
1c
#57952
0c
#57956
1c
#57960
0c
#57964
1c
#57968
0c
#57976
1c
#57980
0c
#57984
1c
#57988
0c
#57992
1c
#57996
0c
#58000
1c
#58004
0c
#58008
1c
#58012
0c
#58016
1c
#58024
0c
#58032
1c
#58040
0c
#58048
1c
#58052
0c
#58056
1c
#58060
0c
#58064
1c
#58072
0c
#58080
1c
#58088
0c
#58096
1c
#58104
0c
#58112
1c
#58124
0c
#58132
1c
#58136
0c
#58144
1c
#58152
0c
#58156
1c
#58160
0c
#58164
1c
#58168
0c
#58172
1c
#58176
0c
#58184
1c
#58188
0c
#58192
1c
#58200
0c
#58204
1c
#58208
0c
#58212
1c
#58216
0c
#58224
1c
#58232
0c
#58240
1c
#58248
0c
#58256
1c
#58260
0c
#58264
1c
#58272
0c
#58280
1c
#58284
0c
#58288
1c
#58292
0c
#58296
1c
#58304
0c
#58308
1c
#58312
0c
#58316
1c
#58320
0c
#58324
1c
#58328
0c
#58336
1c
#58344
0c
#58352
1c
#58360
0c
#58368
1c
#58380
0c
#58392
1c
#58396
0c
#58400
1c
#58408
0c
#58416
1c
#58424
0c
#58428
1c
#58432
0c
#58436
1c
#58440
0c
#58444
1c
#58448
0c
#58452
1c
#58456
0c
#58464
1c
#58472
0c
#58476
1c
#58480
0c
#58488
1c
#58496
0c
#58504
1c
#58512
0c
#58520
1c
#58524
0c
#58528
1c
#58536
0c
#58540
1c
#58544
0c
#58552
1c
#58556
0c
#58560
1c
#58564
0c
#58568
1c
#58576
0c
#58580
1c
#58584
0c
#58592
1c
#58600
0c
#58608
1c
#58616
0c
#58624
1c
#58636
0c
#58644
1c
#58648
0c
#58656
1c
#58664
0c
#58672
1c
#58680
0c
#58684
1c
#58688
0c
#58692
1c
#58696
0c
#58700
1c
#58704
0c
#58708
1c
#58712
0c
#58720
1c
#58728
0c
#58732
1c
#58736
0c
#58744
1c
#58752
0c
#58760
1c
#58768
0c
#58776
1c
#58780
0c
#58784
1c
#58792
0c
#58796
1c
#58800
0c
#58808
1c
#58812
0c
#58816
1c
#58820
0c
#58824
1c
#58832
0c
#58836
1c
#58840
0c
#58848
1c
#58856
0c
#58864
1c
#58872
0c
#58880
1c
#58892
0c
#58904
1c
#58908
0c
#58912
1c
#58920
0c
#58924
1c
#58928
0c
#58932
1c
#58936
0c
#58940
1c
#58944
0c
#58952
1c
#58956
0c
#58960
1c
#58968
0c
#58972
1c
#58976
0c
#58980
1c
#58984
0c
#58992
1c
#59000
0c
#59008
1c
#59016
0c
#59024
1c
#59028
0c
#59032
1c
#59040
0c
#59048
1c
#59052
0c
#59056
1c
#59060
0c
#59064
1c
#59072
0c
#59076
1c
#59080
0c
#59084
1c
#59088
0c
#59092
1c
#59096
0c
#59104
1c
#59112
0c
#59120
1c
#59128
0c
#59136
1c
#59148
0c
#59156
1c
#59160
0c
#59168
1c
#59176
0c
#59184
1c
#59188
0c
#59192
1c
#59200
0c
#59208
1c
#59216
0c
#59220
1c
#59224
0c
#59228
1c
#59232
0c
#59236
1c
#59240
0c
#59244
1c
#59248
0c
#59256
1c
#59260
0c
#59264
1c
#59268
0c
#59272
1c
#59276
0c
#59280
1c
#59284
0c
#59288
1c
#59292
0c
#59296
1c
#59304
0c
#59312
1c
#59320
0c
#59328
1c
#59332
0c
#59336
1c
#59340
0c
#59344
1c
#59352
0c
#59360
1c
#59368
0c
#59376
1c
#59384
0c
#59392
1c
#59404
0c
#59416
1c
#59420
0c
#59424
1c
#59428
0c
#59432
1c
#59436
0c
#59440
1c
#59444
0c
#59448
1c
#59452
0c
#59456
1c
#59460
0c
#59464
1c
#59468
0c
#59472
1c
#59476
0c
#59480
1c
#59484
0c
#59488
1c
#59492
0c
#59496
1c
#59500
0c
#59504
1c
#59508
0c
#59512
1c
#59516
0c
#59520
1c
#59524
0c
#59528
1c
#59532
0c
#59536
1c
#59540
0c
#59544
1c
#59548
0c
#59552
1c
#59556
0c
#59560
1c
#59564
0c
#59568
1c
#59572
0c
#59576
1c
#59580
0c
#59584
1c
#59588
0c
#59592
1c
#59596
0c
#59600
1c
#59604
0c
#59608
1c
#59616
0c
#59624
1c
#59632
0c
#59640
1c
#59644
0c
#59648
1c
#59660
0c
#59668
1c
#59672
0c
#59680
1c
#59688
0c
#59696
1c
#59704
0c
#59712
1c
#59720
0c
#59728
1c
#59736
0c
#59744
1c
#59752
0c
#59760
1c
#59768
0c
#59776
1c
#59784
0c
#59792
1c
#59800
0c
#59808
1c
#59816
0c
#59824
1c
#59832
0c
#59840
1c
#59848
0c
#59856
1c
#59864
0c
#59872
1c
#59880
0c
#59888
1c
#59896
0c
#59904
1c
#59916
0c
#59928
1c
#59932
0c
#59936
1c
#59944
0c
#59948
1c
#59952
0c
#59956
1c
#59960
0c
#59964
1c
#59968
0c
#59976
1c
#59980
0c
#59984
1c
#59992
0c
#59996
1c
#60000
0c
#60004
1c
#60008
0c
#60016
1c
#60024
0c
#60032
1c
#60040
0c
#60048
1c
#60052
0c
#60056
1c
#60064
0c
#60072
1c
#60076
0c
#60080
1c
#60084
0c
#60088
1c
#60096
0c
#60100
1c
#60104
0c
#60108
1c
#60112
0c
#60116
1c
#60120
0c
#60128
1c
#60136
0c
#60144
1c
#60152
0c
#60160
1c
#60172
0c
#60180
1c
#60184
0c
#60192
1c
#60200
0c
#60208
1c
#60212
0c
#60216
1c
#60220
0c
#60224
1c
#60228
0c
#60232
1c
#60236
0c
#60240
1c
#60248
0c
#60256
1c
#60264
0c
#60272
1c
#60276
0c
#60280
1c
#60288
0c
#60296
1c
#60304
0c
#60312
1c
#60320
0c
#60324
1c
#60328
0c
#60332
1c
#60336
0c
#60340
1c
#60344
0c
#60348
1c
#60352
0c
#60360
1c
#60368
0c
#60372
1c
#60376
0c
#60380
1c
#60384
0c
#60392
1c
#60400
0c
#60408
1c
#60412
0c
#60416
1c
#60428
0c
#60440
1c
#60444
0c
#60448
1c
#60456
0c
#60464
1c
#60472
0c
#60476
1c
#60480
0c
#60484
1c
#60488
0c
#60492
1c
#60496
0c
#60500
1c
#60504
0c
#60512
1c
#60520
0c
#60524
1c
#60528
0c
#60536
1c
#60544
0c
#60552
1c
#60560
0c
#60568
1c
#60572
0c
#60576
1c
#60584
0c
#60588
1c
#60592
0c
#60600
1c
#60604
0c
#60608
1c
#60612
0c
#60616
1c
#60624
0c
#60628
1c
#60632
0c
#60640
1c
#60648
0c
#60656
1c
#60664
0c
#60672
1c
#60684
0c
#60692
1c
#60696
0c
#60704
1c
#60712
0c
#60720
1c
#60728
0c
#60732
1c
#60736
0c
#60744
1c
#60752
0c
#60760
1c
#60764
0c
#60768
1c
#60772
0c
#60776
1c
#60784
0c
#60788
1c
#60792
0c
#60796
1c
#60800
0c
#60804
1c
#60808
0c
#60812
1c
#60816
0c
#60820
1c
#60824
0c
#60832
1c
#60836
0c
#60840
1c
#60848
0c
#60852
1c
#60856
0c
#60864
1c
#60872
0c
#60876
1c
#60880
0c
#60888
1c
#60892
0c
#60896
1c
#60904
0c
#60912
1c
#60920
0c
#60928
1c
#60940
0c
#60952
1c
#60956
0c
#60960
1c
#60968
0c
#60976
1c
#60980
0c
#60984
1c
#60992
0c
#61000
1c
#61008
0c
#61012
1c
#61016
0c
#61020
1c
#61024
0c
#61028
1c
#61032
0c
#61036
1c
#61040
0c
#61048
1c
#61052
0c
#61056
1c
#61060
0c
#61064
1c
#61068
0c
#61072
1c
#61076
0c
#61080
1c
#61084
0c
#61088
1c
#61096
0c
#61104
1c
#61112
0c
#61120
1c
#61124
0c
#61128
1c
#61132
0c
#61136
1c
#61144
0c
#61152
1c
#61160
0c
#61168
1c
#61176
0c
#61184
1c
#61196
0c
#61204
1c
#61208
0c
#61216
1c
#61224
0c
#61228
1c
#61232
0c
#61240
1c
#61248
0c
#61252
1c
#61256
0c
#61264
1c
#61268
0c
#61272
1c
#61280
0c
#61288
1c
#61292
0c
#61296
1c
#61300
0c
#61304
1c
#61308
0c
#61312
1c
#61316
0c
#61320
1c
#61324
0c
#61328
1c
#61336
0c
#61340
1c
#61344
0c
#61348
1c
#61352
0c
#61360
1c
#61368
0c
#61372
1c
#61376
0c
#61384
1c
#61392
0c
#61400
1c
#61404
0c
#61408
1c
#61416
0c
#61424
1c
#61432
0c
#61440
1c
#61452
0c
#61464
1c
#61468
0c
#61472
1c
#61480
0c
#61488
1c
#61496
0c
#61504
1c
#61512
0c
#61520
1c
#61528
0c
#61536
1c
#61544
0c
#61552
1c
#61560
0c
#61568
1c
#61576
0c
#61584
1c
#61592
0c
#61600
1c
#61608
0c
#61616
1c
#61624
0c
#61632
1c
#61640
0c
#61648
1c
#61656
0c
#61664
1c
#61672
0c
#61680
1c
#61688
0c
#61696
1c
#61708
0c
#61716
1c
#61720
0c
#61728
1c
#61732
0c
#61736
1c
#61744
0c
#61752
1c
#61760
0c
#61768
1c
#61776
0c
#61784
1c
#61792
0c
#61800
1c
#61808
0c
#61816
1c
#61824
0c
#61832
1c
#61840
0c
#61848
1c
#61856
0c
#61864
1c
#61872
0c
#61880
1c
#61888
0c
#61896
1c
#61904
0c
#61912
1c
#61916
0c
#61920
1c
#61928
0c
#61936
1c
#61944
0c
#61952
1c
#61964
0c
#61976
1c
#61980
0c
#61984
1c
#61992
0c
#62000
1c
#62004
0c
#62008
1c
#62012
0c
#62016
1c
#62020
0c
#62024
1c
#62028
0c
#62032
1c
#62040
0c
#62048
1c
#62056
0c
#62064
1c
#62068
0c
#62072
1c
#62080
0c
#62088
1c
#62096
0c
#62104
1c
#62112
0c
#62116
1c
#62120
0c
#62124
1c
#62128
0c
#62132
1c
#62136
0c
#62140
1c
#62144
0c
#62152
1c
#62160
0c
#62164
1c
#62168
0c
#62172
1c
#62176
0c
#62184
1c
#62192
0c
#62200
1c
#62204
0c
#62208
1c
#62220
0c
#62228
1c
#62232
0c
#62240
1c
#62248
0c
#62252
1c
#62256
0c
#62264
1c
#62272
0c
#62276
1c
#62280
0c
#62288
1c
#62292
0c
#62296
1c
#62304
0c
#62312
1c
#62316
0c
#62320
1c
#62324
0c
#62328
1c
#62332
0c
#62336
1c
#62340
0c
#62344
1c
#62348
0c
#62352
1c
#62360
0c
#62364
1c
#62368
0c
#62372
1c
#62376
0c
#62384
1c
#62392
0c
#62396
1c
#62400
0c
#62408
1c
#62416
0c
#62424
1c
#62428
0c
#62432
1c
#62440
0c
#62448
1c
#62456
0c
#62464
1c
#62476
0c
#62488
1c
#62492
0c
#62496
1c
#62504
0c
#62512
1c
#62520
0c
#62524
1c
#62528
0c
#62536
1c
#62544
0c
#62552
1c
#62556
0c
#62560
1c
#62564
0c
#62568
1c
#62576
0c
#62580
1c
#62584
0c
#62588
1c
#62592
0c
#62596
1c
#62600
0c
#62604
1c
#62608
0c
#62612
1c
#62616
0c
#62624
1c
#62628
0c
#62632
1c
#62640
0c
#62644
1c
#62648
0c
#62656
1c
#62664
0c
#62668
1c
#62672
0c
#62680
1c
#62684
0c
#62688
1c
#62696
0c
#62704
1c
#62712
0c
#62720
1c
#62732
0c
#62740
1c
#62744
0c
#62752
1c
#62760
0c
#62768
1c
#62776
0c
#62780
1c
#62784
0c
#62792
1c
#62800
0c
#62808
1c
#62812
0c
#62816
1c
#62820
0c
#62824
1c
#62832
0c
#62836
1c
#62840
0c
#62844
1c
#62848
0c
#62852
1c
#62856
0c
#62860
1c
#62864
0c
#62868
1c
#62872
0c
#62880
1c
#62884
0c
#62888
1c
#62896
0c
#62900
1c
#62904
0c
#62912
1c
#62920
0c
#62924
1c
#62928
0c
#62936
1c
#62940
0c
#62944
1c
#62952
0c
#62960
1c
#62968
0c
#62976
1c
#62988
0c
#63000
1c
#63004
0c
#63008
1c
#63016
0c
#63020
1c
#63024
0c
#63032
1c
#63040
0c
#63044
1c
#63048
0c
#63056
1c
#63060
0c
#63064
1c
#63072
0c
#63080
1c
#63084
0c
#63088
1c
#63092
0c
#63096
1c
#63100
0c
#63104
1c
#63108
0c
#63112
1c
#63116
0c
#63120
1c
#63128
0c
#63132
1c
#63136
0c
#63140
1c
#63144
0c
#63152
1c
#63160
0c
#63164
1c
#63168
0c
#63176
1c
#63184
0c
#63192
1c
#63196
0c
#63200
1c
#63208
0c
#63216
1c
#63224
0c
#63232
1c
#63244
0c
#63252
1c
#63256
0c
#63264
1c
#63272
0c
#63280
1c
#63284
0c
#63288
1c
#63292
0c
#63296
1c
#63300
0c
#63304
1c
#63308
0c
#63312
1c
#63320
0c
#63328
1c
#63336
0c
#63344
1c
#63348
0c
#63352
1c
#63360
0c
#63368
1c
#63376
0c
#63384
1c
#63392
0c
#63396
1c
#63400
0c
#63404
1c
#63408
0c
#63412
1c
#63416
0c
#63420
1c
#63424
0c
#63432
1c
#63440
0c
#63444
1c
#63448
0c
#63452
1c
#63456
0c
#63464
1c
#63472
0c
#63480
1c
#63484
0c
#63488
1c
#63500
0c
#63512
1c
#63516
0c
#63520
1c
#63524
0c
#63528
1c
#63536
0c
#63544
1c
#63552
0c
#63560
1c
#63568
0c
#63576
1c
#63584
0c
#63592
1c
#63600
0c
#63608
1c
#63616
0c
#63624
1c
#63632
0c
#63640
1c
#63648
0c
#63656
1c
#63664
0c
#63672
1c
#63680
0c
#63688
1c
#63696
0c
#63704
1c
#63708
0c
#63712
1c
#63720
0c
#63728
1c
#63736
0c
#63744
1c
#63756
0c
#63764
1c
#63768
0c
#63776
1c
#63784
0c
#63792
1c
#63800
0c
#63808
1c
#63816
0c
#63824
1c
#63832
0c
#63840
1c
#63848
0c
#63856
1c
#63864
0c
#63872
1c
#63880
0c
#63888
1c
#63896
0c
#63904
1c
#63912
0c
#63920
1c
#63928
0c
#63936
1c
#63944
0c
#63952
1c
#63960
0c
#63968
1c
#63976
0c
#63984
1c
#63992
0c
#64000
1c
#64012
0c
#64024
1c
#64028
0c
#64032
1c
#64040
0c
#64044
1c
#64048
0c
#64056
1c
#64064
0c
#64068
1c
#64072
0c
#64080
1c
#64084
0c
#64088
1c
#64096
0c
#64104
1c
#64108
0c
#64112
1c
#64116
0c
#64120
1c
#64124
0c
#64128
1c
#64132
0c
#64136
1c
#64140
0c
#64144
1c
#64152
0c
#64156
1c
#64160
0c
#64164
1c
#64168
0c
#64176
1c
#64184
0c
#64188
1c
#64192
0c
#64200
1c
#64208
0c
#64216
1c
#64220
0c
#64224
1c
#64232
0c
#64240
1c
#64248
0c
#64256
1c
#64268
0c
#64276
1c
#64280
0c
#64288
1c
#64296
0c
#64304
1c
#64308
0c
#64312
1c
#64320
0c
#64328
1c
#64336
0c
#64340
1c
#64344
0c
#64348
1c
#64352
0c
#64356
1c
#64360
0c
#64364
1c
#64368
0c
#64376
1c
#64380
0c
#64384
1c
#64388
0c
#64392
1c
#64396
0c
#64400
1c
#64404
0c
#64408
1c
#64412
0c
#64416
1c
#64424
0c
#64432
1c
#64440
0c
#64448
1c
#64452
0c
#64456
1c
#64460
0c
#64464
1c
#64472
0c
#64480
1c
#64488
0c
#64496
1c
#64504
0c
#64512
1c
#64524
0c
#64536
1c
#64540
0c
#64544
1c
#64552
0c
#64560
1c
#64568
0c
#64572
1c
#64576
0c
#64584
1c
#64592
0c
#64600
1c
#64604
0c
#64608
1c
#64612
0c
#64616
1c
#64624
0c
#64628
1c
#64632
0c
#64636
1c
#64640
0c
#64644
1c
#64648
0c
#64652
1c
#64656
0c
#64660
1c
#64664
0c
#64672
1c
#64676
0c
#64680
1c
#64688
0c
#64692
1c
#64696
0c
#64704
1c
#64712
0c
#64716
1c
#64720
0c
#64728
1c
#64732
0c
#64736
1c
#64744
0c
#64752
1c
#64760
0c
#64768
1c
#64780
0c
#64788
1c
#64792
0c
#64800
1c
#64808
0c
#64816
1c
#64824
0c
#64828
1c
#64832
0c
#64836
1c
#64840
0c
#64844
1c
#64848
0c
#64852
1c
#64856
0c
#64864
1c
#64872
0c
#64876
1c
#64880
0c
#64888
1c
#64896
0c
#64904
1c
#64912
0c
#64920
1c
#64924
0c
#64928
1c
#64936
0c
#64940
1c
#64944
0c
#64952
1c
#64956
0c
#64960
1c
#64964
0c
#64968
1c
#64976
0c
#64980
1c
#64984
0c
#64992
1c
#65000
0c
#65008
1c
#65016
0c
#65024
1c
#65036
0c
#65048
1c
#65052
0c
#65056
1c
#65064
0c
#65072
1c
#65076
0c
#65080
1c
#65084
0c
#65088
1c
#65092
0c
#65096
1c
#65100
0c
#65104
1c
#65112
0c
#65120
1c
#65128
0c
#65136
1c
#65140
0c
#65144
1c
#65152
0c
#65160
1c
#65168
0c
#65176
1c
#65184
0c
#65188
1c
#65192
0c
#65196
1c
#65200
0c
#65204
1c
#65208
0c
#65212
1c
#65216
0c
#65224
1c
#65232
0c
#65236
1c
#65240
0c
#65244
1c
#65248
0c
#65256
1c
#65264
0c
#65272
1c
#65276
0c
#65280
1c
#65292
0c
#65300
1c
#65304
0c
#65312
1c
#65320
0c
#65324
1c
#65328
0c
#65332
1c
#65336
0c
#65340
1c
#65344
0c
#65352
1c
#65356
0c
#65360
1c
#65368
0c
#65372
1c
#65376
0c
#65380
1c
#65384
0c
#65392
1c
#65400
0c
#65408
1c
#65416
0c
#65424
1c
#65428
0c
#65432
1c
#65440
0c
#65448
1c
#65452
0c
#65456
1c
#65460
0c
#65464
1c
#65472
0c
#65476
1c
#65480
0c
#65484
1c
#65488
0c
#65492
1c
#65496
0c
#65504
1c
#65512
0c
#65520
1c
#65528
0c
#65536
1c
#65548
0c
#65560
1c
#65564
0c
#65568
1c
#65576
0c
#65584
1c
#65592
0c
#65600
1c
#65608
0c
#65616
1c
#65624
0c
#65632
1c
#65640
0c
#65648
1c
#65656
0c
#65664
1c
#65672
0c
#65680
1c
#65688
0c
#65696
1c
#65704
0c
#65712
1c
#65720
0c
#65728
1c
#65736
0c
#65744
1c
#65752
0c
#65760
1c
#65768
0c
#65776
1c
#65784
0c
#65792
1c
#65804
0c
#65812
1c
#65816
0c
#65824
1c
#65828
0c
#65832
1c
#65836
0c
#65840
1c
#65844
0c
#65848
1c
#65852
0c
#65856
1c
#65860
0c
#65864
1c
#65868
0c
#65872
1c
#65876
0c
#65880
1c
#65884
0c
#65888
1c
#65892
0c
#65896
1c
#65900
0c
#65904
1c
#65908
0c
#65912
1c
#65916
0c
#65920
1c
#65924
0c
#65928
1c
#65932
0c
#65936
1c
#65940
0c
#65944
1c
#65948
0c
#65952
1c
#65956
0c
#65960
1c
#65964
0c
#65968
1c
#65972
0c
#65976
1c
#65980
0c
#65984
1c
#65988
0c
#65992
1c
#65996
0c
#66000
1c
#66004
0c
#66008
1c
#66016
0c
#66024
1c
#66032
0c
#66040
1c
#66044
0c
#66048
1c
#66060
0c
#66072
1c
#66076
0c
#66080
1c
#66088
0c
#66096
1c
#66100
0c
#66104
1c
#66112
0c
#66120
1c
#66128
0c
#66132
1c
#66136
0c
#66140
1c
#66144
0c
#66148
1c
#66152
0c
#66156
1c
#66160
0c
#66168
1c
#66172
0c
#66176
1c
#66180
0c
#66184
1c
#66188
0c
#66192
1c
#66196
0c
#66200
1c
#66204
0c
#66208
1c
#66216
0c
#66224
1c
#66232
0c
#66240
1c
#66244
0c
#66248
1c
#66252
0c
#66256
1c
#66264
0c
#66272
1c
#66280
0c
#66288
1c
#66296
0c
#66304
1c
#66316
0c
#66324
1c
#66328
0c
#66336
1c
#66344
0c
#66348
1c
#66352
0c
#66356
1c
#66360
0c
#66364
1c
#66368
0c
#66376
1c
#66380
0c
#66384
1c
#66392
0c
#66396
1c
#66400
0c
#66404
1c
#66408
0c
#66416
1c
#66424
0c
#66432
1c
#66440
0c
#66448
1c
#66452
0c
#66456
1c
#66464
0c
#66472
1c
#66476
0c
#66480
1c
#66484
0c
#66488
1c
#66496
0c
#66500
1c
#66504
0c
#66508
1c
#66512
0c
#66516
1c
#66520
0c
#66528
1c
#66536
0c
#66544
1c
#66552
0c
#66560
1c
#66572
0c
#66584
1c
#66588
0c
#66592
1c
#66600
0c
#66608
1c
#66616
0c
#66620
1c
#66624
0c
#66628
1c
#66632
0c
#66636
1c
#66640
0c
#66644
1c
#66648
0c
#66656
1c
#66664
0c
#66668
1c
#66672
0c
#66680
1c
#66688
0c
#66696
1c
#66704
0c
#66712
1c
#66716
0c
#66720
1c
#66728
0c
#66732
1c
#66736
0c
#66744
1c
#66748
0c
#66752
1c
#66756
0c
#66760
1c
#66768
0c
#66772
1c
#66776
0c
#66784
1c
#66792
0c
#66800
1c
#66808
0c
#66816
1c
#66828
0c
#66836
1c
#66840
0c
#66848
1c
#66856
0c
#66864
1c
#66872
0c
#66876
1c
#66880
0c
#66884
1c
#66888
0c
#66892
1c
#66896
0c
#66900
1c
#66904
0c
#66912
1c
#66920
0c
#66924
1c
#66928
0c
#66936
1c
#66944
0c
#66952
1c
#66960
0c
#66968
1c
#66972
0c
#66976
1c
#66984
0c
#66988
1c
#66992
0c
#67000
1c
#67004
0c
#67008
1c
#67012
0c
#67016
1c
#67024
0c
#67028
1c
#67032
0c
#67040
1c
#67048
0c
#67056
1c
#67064
0c
#67072
1c
#67084
0c
#67096
1c
#67100
0c
#67104
1c
#67112
0c
#67116
1c
#67120
0c
#67124
1c
#67128
0c
#67132
1c
#67136
0c
#67144
1c
#67148
0c
#67152
1c
#67160
0c
#67164
1c
#67168
0c
#67172
1c
#67176
0c
#67184
1c
#67192
0c
#67200
1c
#67208
0c
#67216
1c
#67220
0c
#67224
1c
#67232
0c
#67240
1c
#67244
0c
#67248
1c
#67252
0c
#67256
1c
#67264
0c
#67268
1c
#67272
0c
#67276
1c
#67280
0c
#67284
1c
#67288
0c
#67296
1c
#67304
0c
#67312
1c
#67320
0c
#67328
1c
#67340
0c
#67348
1c
#67352
0c
#67360
1c
#67368
0c
#67376
1c
#67380
0c
#67384
1c
#67392
0c
#67400
1c
#67408
0c
#67412
1c
#67416
0c
#67420
1c
#67424
0c
#67428
1c
#67432
0c
#67436
1c
#67440
0c
#67448
1c
#67452
0c
#67456
1c
#67460
0c
#67464
1c
#67468
0c
#67472
1c
#67476
0c
#67480
1c
#67484
0c
#67488
1c
#67496
0c
#67504
1c
#67512
0c
#67520
1c
#67524
0c
#67528
1c
#67532
0c
#67536
1c
#67544
0c
#67552
1c
#67560
0c
#67568
1c
#67576
0c
#67584
1c
#67596
0c
#67608
1c
#67612
0c
#67616
1c
#67620
0c
#67624
1c
#67628
0c
#67632
1c
#67636
0c
#67640
1c
#67644
0c
#67648
1c
#67652
0c
#67656
1c
#67660
0c
#67664
1c
#67668
0c
#67672
1c
#67676
0c
#67680
1c
#67684
0c
#67688
1c
#67692
0c
#67696
1c
#67700
0c
#67704
1c
#67708
0c
#67712
1c
#67716
0c
#67720
1c
#67724
0c
#67728
1c
#67732
0c
#67736
1c
#67740
0c
#67744
1c
#67748
0c
#67752
1c
#67756
0c
#67760
1c
#67764
0c
#67768
1c
#67772
0c
#67776
1c
#67780
0c
#67784
1c
#67788
0c
#67792
1c
#67796
0c
#67800
1c
#67808
0c
#67816
1c
#67824
0c
#67832
1c
#67836
0c
#67840
1c
#67852
0c
#67860
1c
#67864
0c
#67872
1c
#67880
0c
#67888
1c
#67896
0c
#67904
1c
#67912
0c
#67920
1c
#67928
0c
#67936
1c
#67944
0c
#67952
1c
#67960
0c
#67968
1c
#67976
0c
#67984
1c
#67992
0c
#68000
1c
#68008
0c
#68016
1c
#68024
0c
#68032
1c
#68040
0c
#68048
1c
#68056
0c
#68064
1c
#68072
0c
#68080
1c
#68088
0c
#68096
1c
#68108
0c
#68120
1c
#68124
0c
#68128
1c
#68136
0c
#68140
1c
#68144
0c
#68148
1c
#68152
0c
#68156
1c
#68160
0c
#68168
1c
#68172
0c
#68176
1c
#68184
0c
#68188
1c
#68192
0c
#68196
1c
#68200
0c
#68208
1c
#68216
0c
#68224
1c
#68232
0c
#68240
1c
#68244
0c
#68248
1c
#68256
0c
#68264
1c
#68268
0c
#68272
1c
#68276
0c
#68280
1c
#68288
0c
#68292
1c
#68296
0c
#68300
1c
#68304
0c
#68308
1c
#68312
0c
#68320
1c
#68328
0c
#68336
1c
#68344
0c
#68352
1c
#68364
0c
#68372
1c
#68376
0c
#68384
1c
#68392
0c
#68400
1c
#68404
0c
#68408
1c
#68412
0c
#68416
1c
#68420
0c
#68424
1c
#68428
0c
#68432
1c
#68440
0c
#68448
1c
#68456
0c
#68464
1c
#68468
0c
#68472
1c
#68480
0c
#68488
1c
#68496
0c
#68504
1c
#68512
0c
#68516
1c
#68520
0c
#68524
1c
#68528
0c
#68532
1c
#68536
0c
#68540
1c
#68544
0c
#68552
1c
#68560
0c
#68564
1c
#68568
0c
#68572
1c
#68576
0c
#68584
1c
#68592
0c
#68600
1c
#68604
0c
#68608
1c
#68620
0c
#68632
1c
#68636
0c
#68640
1c
#68648
0c
#68656
1c
#68664
0c
#68668
1c
#68672
0c
#68676
1c
#68680
0c
#68684
1c
#68688
0c
#68692
1c
#68696
0c
#68704
1c
#68712
0c
#68716
1c
#68720
0c
#68728
1c
#68736
0c
#68744
1c
#68752
0c
#68760
1c
#68764
0c
#68768
1c
#68776
0c
#68780
1c
#68784
0c
#68792
1c
#68796
0c
#68800
1c
#68804
0c
#68808
1c
#68816
0c
#68820
1c
#68824
0c
#68832
1c
#68840
0c
#68848
1c
#68856
0c
#68864
1c
#68876
0c
#68884
1c
#68888
0c
#68896
1c
#68904
0c
#68912
1c
#68920
0c
#68924
1c
#68928
0c
#68936
1c
#68944
0c
#68952
1c
#68956
0c
#68960
1c
#68964
0c
#68968
1c
#68976
0c
#68980
1c
#68984
0c
#68988
1c
#68992
0c
#68996
1c
#69000
0c
#69004
1c
#69008
0c
#69012
1c
#69016
0c
#69024
1c
#69028
0c
#69032
1c
#69040
0c
#69044
1c
#69048
0c
#69056
1c
#69064
0c
#69068
1c
#69072
0c
#69080
1c
#69084
0c
#69088
1c
#69096
0c
#69104
1c
#69112
0c
#69120
1c
#69132
0c
#69144
1c
#69148
0c
#69152
1c
#69160
0c
#69168
1c
#69172
0c
#69176
1c
#69184
0c
#69192
1c
#69200
0c
#69204
1c
#69208
0c
#69212
1c
#69216
0c
#69220
1c
#69224
0c
#69228
1c
#69232
0c
#69240
1c
#69244
0c
#69248
1c
#69252
0c
#69256
1c
#69260
0c
#69264
1c
#69268
0c
#69272
1c
#69276
0c
#69280
1c
#69288
0c
#69296
1c
#69304
0c
#69312
1c
#69316
0c
#69320
1c
#69324
0c
#69328
1c
#69336
0c
#69344
1c
#69352
0c
#69360
1c
#69368
0c
#69376
1c
#69388
0c
#69396
1c
#69400
0c
#69408
1c
#69416
0c
#69420
1c
#69424
0c
#69432
1c
#69440
0c
#69444
1c
#69448
0c
#69456
1c
#69460
0c
#69464
1c
#69472
0c
#69480
1c
#69484
0c
#69488
1c
#69492
0c
#69496
1c
#69500
0c
#69504
1c
#69508
0c
#69512
1c
#69516
0c
#69520
1c
#69528
0c
#69532
1c
#69536
0c
#69540
1c
#69544
0c
#69552
1c
#69560
0c
#69564
1c
#69568
0c
#69576
1c
#69584
0c
#69592
1c
#69596
0c
#69600
1c
#69608
0c
#69616
1c
#69624
0c
#69632
1c
#69644
0c
#69656
1c
#69660
0c
#69664
1c
#69672
0c
#69680
1c
#69688
0c
#69696
1c
#69704
0c
#69712
1c
#69720
0c
#69728
1c
#69736
0c
#69744
1c
#69752
0c
#69760
1c
#69768
0c
#69776
1c
#69784
0c
#69792
1c
#69800
0c
#69808
1c
#69816
0c
#69824
1c
#69832
0c
#69840
1c
#69848
0c
#69856
1c
#69864
0c
#69872
1c
#69880
0c
#69888
1c
#69900
0c
#69908
1c
#69912
0c
#69920
1c
#69924
0c
#69928
1c
#69936
0c
#69944
1c
#69952
0c
#69960
1c
#69968
0c
#69976
1c
#69984
0c
#69992
1c
#70000
0c
#70008
1c
#70016
0c
#70024
1c
#70032
0c
#70040
1c
#70048
0c
#70056
1c
#70064
0c
#70072
1c
#70080
0c
#70088
1c
#70096
0c
#70104
1c
#70108
0c
#70112
1c
#70120
0c
#70128
1c
#70136
0c
#70144
1c
#70156
0c
#70168
1c
#70172
0c
#70176
1c
#70184
0c
#70192
1c
#70196
0c
#70200
1c
#70204
0c
#70208
1c
#70212
0c
#70216
1c
#70220
0c
#70224
1c
#70232
0c
#70240
1c
#70248
0c
#70256
1c
#70260
0c
#70264
1c
#70272
0c
#70280
1c
#70288
0c
#70296
1c
#70304
0c
#70308
1c
#70312
0c
#70316
1c
#70320
0c
#70324
1c
#70328
0c
#70332
1c
#70336
0c
#70344
1c
#70352
0c
#70356
1c
#70360
0c
#70364
1c
#70368
0c
#70376
1c
#70384
0c
#70392
1c
#70396
0c
#70400
1c
#70412
0c
#70420
1c
#70424
0c
#70432
1c
#70440
0c
#70444
1c
#70448
0c
#70456
1c
#70464
0c
#70468
1c
#70472
0c
#70480
1c
#70484
0c
#70488
1c
#70496
0c
#70504
1c
#70508
0c
#70512
1c
#70516
0c
#70520
1c
#70524
0c
#70528
1c
#70532
0c
#70536
1c
#70540
0c
#70544
1c
#70552
0c
#70556
1c
#70560
0c
#70564
1c
#70568
0c
#70576
1c
#70584
0c
#70588
1c
#70592
0c
#70600
1c
#70608
0c
#70616
1c
#70620
0c
#70624
1c
#70632
0c
#70640
1c
#70648
0c
#70656
1c
#70668
0c
#70680
1c
#70684
0c
#70688
1c
#70696
0c
#70704
1c
#70712
0c
#70716
1c
#70720
0c
#70728
1c
#70736
0c
#70744
1c
#70748
0c
#70752
1c
#70756
0c
#70760
1c
#70768
0c
#70772
1c
#70776
0c
#70780
1c
#70784
0c
#70788
1c
#70792
0c
#70796
1c
#70800
0c
#70804
1c
#70808
0c
#70816
1c
#70820
0c
#70824
1c
#70832
0c
#70836
1c
#70840
0c
#70848
1c
#70856
0c
#70860
1c
#70864
0c
#70872
1c
#70876
0c
#70880
1c
#70888
0c
#70896
1c
#70904
0c
#70912
1c
#70924
0c
#70932
1c
#70936
0c
#70944
1c
#70952
0c
#70960
1c
#70968
0c
#70972
1c
#70976
0c
#70984
1c
#70992
0c
#71000
1c
#71004
0c
#71008
1c
#71012
0c
#71016
1c
#71024
0c
#71028
1c
#71032
0c
#71036
1c
#71040
0c
#71044
1c
#71048
0c
#71052
1c
#71056
0c
#71060
1c
#71064
0c
#71072
1c
#71076
0c
#71080
1c
#71088
0c
#71092
1c
#71096
0c
#71104
1c
#71112
0c
#71116
1c
#71120
0c
#71128
1c
#71132
0c
#71136
1c
#71144
0c
#71152
1c
#71160
0c
#71168
1c
#71180
0c
#71192
1c
#71196
0c
#71200
1c
#71208
0c
#71212
1c
#71216
0c
#71224
1c
#71232
0c
#71236
1c
#71240
0c
#71248
1c
#71252
0c
#71256
1c
#71264
0c
#71272
1c
#71276
0c
#71280
1c
#71284
0c
#71288
1c
#71292
0c
#71296
1c
#71300
0c
#71304
1c
#71308
0c
#71312
1c
#71320
0c
#71324
1c
#71328
0c
#71332
1c
#71336
0c
#71344
1c
#71352
0c
#71356
1c
#71360
0c
#71368
1c
#71376
0c
#71384
1c
#71388
0c
#71392
1c
#71400
0c
#71408
1c
#71416
0c
#71424
1c
#71436
0c
#71444
1c
#71448
0c
#71456
1c
#71464
0c
#71472
1c
#71476
0c
#71480
1c
#71484
0c
#71488
1c
#71492
0c
#71496
1c
#71500
0c
#71504
1c
#71512
0c
#71520
1c
#71528
0c
#71536
1c
#71540
0c
#71544
1c
#71552
0c
#71560
1c
#71568
0c
#71576
1c
#71584
0c
#71588
1c
#71592
0c
#71596
1c
#71600
0c
#71604
1c
#71608
0c
#71612
1c
#71616
0c
#71624
1c
#71632
0c
#71636
1c
#71640
0c
#71644
1c
#71648
0c
#71656
1c
#71664
0c
#71672
1c
#71676
0c
#71680
1c
#71692
0c
#71704
1c
#71708
0c
#71712
1c
#71716
0c
#71720
1c
#71728
0c
#71736
1c
#71744
0c
#71752
1c
#71760
0c
#71768
1c
#71776
0c
#71784
1c
#71792
0c
#71800
1c
#71808
0c
#71816
1c
#71824
0c
#71832
1c
#71840
0c
#71848
1c
#71856
0c
#71864
1c
#71872
0c
#71880
1c
#71888
0c
#71896
1c
#71900
0c
#71904
1c
#71912
0c
#71920
1c
#71928
0c
#71936
1c
#71948
0c
#71956
1c
#71960
0c
#71968
1c
#71976
0c
#71984
1c
#71992
0c
#72000
1c
#72008
0c
#72016
1c
#72024
0c
#72032
1c
#72040
0c
#72048
1c
#72056
0c
#72064
1c
#72072
0c
#72080
1c
#72088
0c
#72096
1c
#72104
0c
#72112
1c
#72120
0c
#72128
1c
#72136
0c
#72144
1c
#72152
0c
#72160
1c
#72168
0c
#72176
1c
#72184
0c
#72192
1c
#72204
0c
#72216
1c
#72220
0c
#72224
1c
#72232
0c
#72236
1c
#72240
0c
#72248
1c
#72256
0c
#72260
1c
#72264
0c
#72272
1c
#72276
0c
#72280
1c
#72288
0c
#72296
1c
#72300
0c
#72304
1c
#72308
0c
#72312
1c
#72316
0c
#72320
1c
#72324
0c
#72328
1c
#72332
0c
#72336
1c
#72344
0c
#72348
1c
#72352
0c
#72356
1c
#72360
0c
#72368
1c
#72376
0c
#72380
1c
#72384
0c
#72392
1c
#72400
0c
#72408
1c
#72412
0c
#72416
1c
#72424
0c
#72432
1c
#72440
0c
#72448
1c
#72460
0c
#72468
1c
#72472
0c
#72480
1c
#72488
0c
#72496
1c
#72500
0c
#72504
1c
#72512
0c
#72520
1c
#72528
0c
#72532
1c
#72536
0c
#72540
1c
#72544
0c
#72548
1c
#72552
0c
#72556
1c
#72560
0c
#72568
1c
#72572
0c
#72576
1c
#72580
0c
#72584
1c
#72588
0c
#72592
1c
#72596
0c
#72600
1c
#72604
0c
#72608
1c
#72616
0c
#72624
1c
#72632
0c
#72640
1c
#72644
0c
#72648
1c
#72652
0c
#72656
1c
#72664
0c
#72672
1c
#72680
0c
#72688
1c
#72696
0c
#72704
1c
#72716
0c
#72728
1c
#72732
0c
#72736
1c
#72744
0c
#72752
1c
#72760
0c
#72764
1c
#72768
0c
#72776
1c
#72784
0c
#72792
1c
#72796
0c
#72800
1c
#72804
0c
#72808
1c
#72816
0c
#72820
1c
#72824
0c
#72828
1c
#72832
0c
#72836
1c
#72840
0c
#72844
1c
#72848
0c
#72852
1c
#72856
0c
#72864
1c
#72868
0c
#72872
1c
#72880
0c
#72884
1c
#72888
0c
#72896
1c
#72904
0c
#72908
1c
#72912
0c
#72920
1c
#72924
0c
#72928
1c
#72936
0c
#72944
1c
#72952
0c
#72960
1c
#72972
0c
#72980
1c
#72984
0c
#72992
1c
#73000
0c
#73008
1c
#73016
0c
#73020
1c
#73024
0c
#73028
1c
#73032
0c
#73036
1c
#73040
0c
#73044
1c
#73048
0c
#73056
1c
#73064
0c
#73068
1c
#73072
0c
#73080
1c
#73088
0c
#73096
1c
#73104
0c
#73112
1c
#73116
0c
#73120
1c
#73128
0c
#73132
1c
#73136
0c
#73144
1c
#73148
0c
#73152
1c
#73156
0c
#73160
1c
#73168
0c
#73172
1c
#73176
0c
#73184
1c
#73192
0c
#73200
1c
#73208
0c
#73216
1c
#73228
0c
#73240
1c
#73244
0c
#73248
1c
#73256
0c
#73264
1c
#73268
0c
#73272
1c
#73276
0c
#73280
1c
#73284
0c
#73288
1c
#73292
0c
#73296
1c
#73304
0c
#73312
1c
#73320
0c
#73328
1c
#73332
0c
#73336
1c
#73344
0c
#73352
1c
#73360
0c
#73368
1c
#73376
0c
#73380
1c
#73384
0c
#73388
1c
#73392
0c
#73396
1c
#73400
0c
#73404
1c
#73408
0c
#73416
1c
#73424
0c
#73428
1c
#73432
0c
#73436
1c
#73440
0c
#73448
1c
#73456
0c
#73464
1c
#73468
0c
#73472
1c
#73484
0c
#73492
1c
#73496
0c
#73504
1c
#73512
0c
#73516
1c
#73520
0c
#73524
1c
#73528
0c
#73532
1c
#73536
0c
#73544
1c
#73548
0c
#73552
1c
#73560
0c
#73564
1c
#73568
0c
#73572
1c
#73576
0c
#73584
1c
#73592
0c
#73600
1c
#73608
0c
#73616
1c
#73620
0c
#73624
1c
#73632
0c
#73640
1c
#73644
0c
#73648
1c
#73652
0c
#73656
1c
#73664
0c
#73668
1c
#73672
0c
#73676
1c
#73680
0c
#73684
1c
#73688
0c
#73696
1c
#73704
0c
#73712
1c
#73720
0c
#73728
1c
#73740
0c
#73752
1c
#73756
0c
#73760
1c
#73768
0c
#73776
1c
#73784
0c
#73792
1c
#73800
0c
#73808
1c
#73816
0c
#73824
1c
#73832
0c
#73840
1c
#73848
0c
#73856
1c
#73864
0c
#73872
1c
#73880
0c
#73888
1c
#73896
0c
#73904
1c
#73912
0c
#73920
1c
#73928
0c
#73936
1c
#73944
0c
#73952
1c
#73960
0c
#73968
1c
#73976
0c
#73984
1c
#73996
0c
#74004
1c
#74008
0c
#74016
1c
#74020
0c
#74024
1c
#74028
0c
#74032
1c
#74036
0c
#74040
1c
#74044
0c
#74048
1c
#74052
0c
#74056
1c
#74060
0c
#74064
1c
#74068
0c
#74072
1c
#74076
0c
#74080
1c
#74084
0c
#74088
1c
#74092
0c
#74096
1c
#74100
0c
#74104
1c
#74108
0c
#74112
1c
#74116
0c
#74120
1c
#74124
0c
#74128
1c
#74132
0c
#74136
1c
#74140
0c
#74144
1c
#74148
0c
#74152
1c
#74156
0c
#74160
1c
#74164
0c
#74168
1c
#74172
0c
#74176
1c
#74180
0c
#74184
1c
#74188
0c
#74192
1c
#74196
0c
#74200
1c
#74208
0c
#74216
1c
#74224
0c
#74232
1c
#74236
0c
#74240
1c
#74252
0c
#74264
1c
#74268
0c
#74272
1c
#74280
0c
#74288
1c
#74292
0c
#74296
1c
#74304
0c
#74312
1c
#74320
0c
#74324
1c
#74328
0c
#74332
1c
#74336
0c
#74340
1c
#74344
0c
#74348
1c
#74352
0c
#74360
1c
#74364
0c
#74368
1c
#74372
0c
#74376
1c
#74380
0c
#74384
1c
#74388
0c
#74392
1c
#74396
0c
#74400
1c
#74408
0c
#74416
1c
#74424
0c
#74432
1c
#74436
0c
#74440
1c
#74444
0c
#74448
1c
#74456
0c
#74464
1c
#74472
0c
#74480
1c
#74488
0c
#74496
1c
#74508
0c
#74516
1c
#74520
0c
#74528
1c
#74536
0c
#74540
1c
#74544
0c
#74548
1c
#74552
0c
#74556
1c
#74560
0c
#74568
1c
#74572
0c
#74576
1c
#74584
0c
#74588
1c
#74592
0c
#74596
1c
#74600
0c
#74608
1c
#74616
0c
#74624
1c
#74632
0c
#74640
1c
#74644
0c
#74648
1c
#74656
0c
#74664
1c
#74668
0c
#74672
1c
#74676
0c
#74680
1c
#74688
0c
#74692
1c
#74696
0c
#74700
1c
#74704
0c
#74708
1c
#74712
0c
#74720
1c
#74728
0c
#74736
1c
#74744
0c
#74752
1c
#74764
0c
#74776
1c
#74780
0c
#74784
1c
#74792
0c
#74800
1c
#74808
0c
#74812
1c
#74816
0c
#74820
1c
#74824
0c
#74828
1c
#74832
0c
#74836
1c
#74840
0c
#74848
1c
#74856
0c
#74860
1c
#74864
0c
#74872
1c
#74880
0c
#74888
1c
#74896
0c
#74904
1c
#74908
0c
#74912
1c
#74920
0c
#74924
1c
#74928
0c
#74936
1c
#74940
0c
#74944
1c
#74948
0c
#74952
1c
#74960
0c
#74964
1c
#74968
0c
#74976
1c
#74984
0c
#74992
1c
#75000
0c
#75008
1c
#75020
0c
#75028
1c
#75032
0c
#75040
1c
#75048
0c
#75056
1c
#75064
0c
#75068
1c
#75072
0c
#75076
1c
#75080
0c
#75084
1c
#75088
0c
#75092
1c
#75096
0c
#75104
1c
#75112
0c
#75116
1c
#75120
0c
#75128
1c
#75136
0c
#75144
1c
#75152
0c
#75160
1c
#75164
0c
#75168
1c
#75176
0c
#75180
1c
#75184
0c
#75192
1c
#75196
0c
#75200
1c
#75204
0c
#75208
1c
#75216
0c
#75220
1c
#75224
0c
#75232
1c
#75240
0c
#75248
1c
#75256
0c
#75264
1c
#75276
0c
#75288
1c
#75292
0c
#75296
1c
#75304
0c
#75308
1c
#75312
0c
#75316
1c
#75320
0c
#75324
1c
#75328
0c
#75336
1c
#75340
0c
#75344
1c
#75352
0c
#75356
1c
#75360
0c
#75364
1c
#75368
0c
#75376
1c
#75384
0c
#75392
1c
#75400
0c
#75408
1c
#75412
0c
#75416
1c
#75424
0c
#75432
1c
#75436
0c
#75440
1c
#75444
0c
#75448
1c
#75456
0c
#75460
1c
#75464
0c
#75468
1c
#75472
0c
#75476
1c
#75480
0c
#75488
1c
#75496
0c
#75504
1c
#75512
0c
#75520
1c
#75532
0c
#75540
1c
#75544
0c
#75552
1c
#75560
0c
#75568
1c
#75572
0c
#75576
1c
#75584
0c
#75592
1c
#75600
0c
#75604
1c
#75608
0c
#75612
1c
#75616
0c
#75620
1c
#75624
0c
#75628
1c
#75632
0c
#75640
1c
#75644
0c
#75648
1c
#75652
0c
#75656
1c
#75660
0c
#75664
1c
#75668
0c
#75672
1c
#75676
0c
#75680
1c
#75688
0c
#75696
1c
#75704
0c
#75712
1c
#75716
0c
#75720
1c
#75724
0c
#75728
1c
#75736
0c
#75744
1c
#75752
0c
#75760
1c
#75768
0c
#75776
1c
#75788
0c
#75800
1c
#75804
0c
#75808
1c
#75812
0c
#75816
1c
#75820
0c
#75824
1c
#75828
0c
#75832
1c
#75836
0c
#75840
1c
#75844
0c
#75848
1c
#75852
0c
#75856
1c
#75860
0c
#75864
1c
#75868
0c
#75872
1c
#75876
0c
#75880
1c
#75884
0c
#75888
1c
#75892
0c
#75896
1c
#75900
0c
#75904
1c
#75908
0c
#75912
1c
#75916
0c
#75920
1c
#75924
0c
#75928
1c
#75932
0c
#75936
1c
#75940
0c
#75944
1c
#75948
0c
#75952
1c
#75956
0c
#75960
1c
#75964
0c
#75968
1c
#75972
0c
#75976
1c
#75980
0c
#75984
1c
#75988
0c
#75992
1c
#76000
0c
#76008
1c
#76016
0c
#76024
1c
#76028
0c
#76032
1c
#76044
0c
#76052
1c
#76056
0c
#76064
1c
#76072
0c
#76080
1c
#76088
0c
#76096
1c
#76104
0c
#76112
1c
#76120
0c
#76128
1c
#76136
0c
#76144
1c
#76152
0c
#76160
1c
#76168
0c
#76176
1c
#76184
0c
#76192
1c
#76200
0c
#76208
1c
#76216
0c
#76224
1c
#76232
0c
#76240
1c
#76248
0c
#76256
1c
#76264
0c
#76272
1c
#76280
0c
#76288
1c
#76300
0c
#76312
1c
#76316
0c
#76320
1c
#76328
0c
#76332
1c
#76336
0c
#76340
1c
#76344
0c
#76348
1c
#76352
0c
#76360
1c
#76364
0c
#76368
1c
#76376
0c
#76380
1c
#76384
0c
#76388
1c
#76392
0c
#76400
1c
#76408
0c
#76416
1c
#76424
0c
#76432
1c
#76436
0c
#76440
1c
#76448
0c
#76456
1c
#76460
0c
#76464
1c
#76468
0c
#76472
1c
#76480
0c
#76484
1c
#76488
0c
#76492
1c
#76496
0c
#76500
1c
#76504
0c
#76512
1c
#76520
0c
#76528
1c
#76536
0c
#76544
1c
#76556
0c
#76564
1c
#76568
0c
#76576
1c
#76584
0c
#76592
1c
#76596
0c
#76600
1c
#76604
0c
#76608
1c
#76612
0c
#76616
1c
#76620
0c
#76624
1c
#76632
0c
#76640
1c
#76648
0c
#76656
1c
#76660
0c
#76664
1c
#76672
0c
#76680
1c
#76688
0c
#76696
1c
#76704
0c
#76708
1c
#76712
0c
#76716
1c
#76720
0c
#76724
1c
#76728
0c
#76732
1c
#76736
0c
#76744
1c
#76752
0c
#76756
1c
#76760
0c
#76764
1c
#76768
0c
#76776
1c
#76784
0c
#76792
1c
#76796
0c
#76800
1c
#76812
0c
#76824
1c
#76828
0c
#76832
1c
#76840
0c
#76848
1c
#76856
0c
#76860
1c
#76864
0c
#76868
1c
#76872
0c
#76876
1c
#76880
0c
#76884
1c
#76888
0c
#76896
1c
#76904
0c
#76908
1c
#76912
0c
#76920
1c
#76928
0c
#76936
1c
#76944
0c
#76952
1c
#76956
0c
#76960
1c
#76968
0c
#76972
1c
#76976
0c
#76984
1c
#76988
0c
#76992
1c
#76996
0c
#77000
1c
#77008
0c
#77012
1c
#77016
0c
#77024
1c
#77032
0c
#77040
1c
#77048
0c
#77056
1c
#77068
0c
#77076
1c
#77080
0c
#77088
1c
#77096
0c
#77104
1c
#77112
0c
#77116
1c
#77120
0c
#77128
1c
#77136
0c
#77144
1c
#77148
0c
#77152
1c
#77156
0c
#77160
1c
#77168
0c
#77172
1c
#77176
0c
#77180
1c
#77184
0c
#77188
1c
#77192
0c
#77196
1c
#77200
0c
#77204
1c
#77208
0c
#77216
1c
#77220
0c
#77224
1c
#77232
0c
#77236
1c
#77240
0c
#77248
1c
#77256
0c
#77260
1c
#77264
0c
#77272
1c
#77276
0c
#77280
1c
#77288
0c
#77296
1c
#77304
0c
#77312
1c
#77324
0c
#77336
1c
#77340
0c
#77344
1c
#77352
0c
#77360
1c
#77364
0c
#77368
1c
#77376
0c
#77384
1c
#77392
0c
#77396
1c
#77400
0c
#77404
1c
#77408
0c
#77412
1c
#77416
0c
#77420
1c
#77424
0c
#77432
1c
#77436
0c
#77440
1c
#77444
0c
#77448
1c
#77452
0c
#77456
1c
#77460
0c
#77464
1c
#77468
0c
#77472
1c
#77480
0c
#77488
1c
#77496
0c
#77504
1c
#77508
0c
#77512
1c
#77516
0c
#77520
1c
#77528
0c
#77536
1c
#77544
0c
#77552
1c
#77560
0c
#77568
1c
#77580
0c
#77588
1c
#77592
0c
#77600
1c
#77608
0c
#77612
1c
#77616
0c
#77624
1c
#77632
0c
#77636
1c
#77640
0c
#77648
1c
#77652
0c
#77656
1c
#77664
0c
#77672
1c
#77676
0c
#77680
1c
#77684
0c
#77688
1c
#77692
0c
#77696
1c
#77700
0c
#77704
1c
#77708
0c
#77712
1c
#77720
0c
#77724
1c
#77728
0c
#77732
1c
#77736
0c
#77744
1c
#77752
0c
#77756
1c
#77760
0c
#77768
1c
#77776
0c
#77784
1c
#77788
0c
#77792
1c
#77800
0c
#77808
1c
#77816
0c
#77824
1c
#77836
0c
#77848
1c
#77852
0c
#77856
1c
#77864
0c
#77872
1c
#77880
0c
#77888
1c
#77896
0c
#77904
1c
#77912
0c
#77920
1c
#77928
0c
#77936
1c
#77944
0c
#77952
1c
#77960
0c
#77968
1c
#77976
0c
#77984
1c
#77992
0c
#78000
1c
#78008
0c
#78016
1c
#78024
0c
#78032
1c
#78040
0c
#78048
1c
#78056
0c
#78064
1c
#78072
0c
#78080
1c
#78092
0c
#78100
1c
#78104
0c
#78112
1c
#78116
0c
#78120
1c
#78128
0c
#78136
1c
#78144
0c
#78152
1c
#78160
0c
#78168
1c
#78176
0c
#78184
1c
#78192
0c
#78200
1c
#78208
0c
#78216
1c
#78224
0c
#78232
1c
#78240
0c
#78248
1c
#78256
0c
#78264
1c
#78272
0c
#78280
1c
#78288
0c
#78296
1c
#78300
0c
#78304
1c
#78312
0c
#78320
1c
#78328
0c
#78336
1c
#78348
0c
#78360
1c
#78364
0c
#78368
1c
#78376
0c
#78384
1c
#78388
0c
#78392
1c
#78396
0c
#78400
1c
#78404
0c
#78408
1c
#78412
0c
#78416
1c
#78424
0c
#78432
1c
#78440
0c
#78448
1c
#78452
0c
#78456
1c
#78464
0c
#78472
1c
#78480
0c
#78488
1c
#78496
0c
#78500
1c
#78504
0c
#78508
1c
#78512
0c
#78516
1c
#78520
0c
#78524
1c
#78528
0c
#78536
1c
#78544
0c
#78548
1c
#78552
0c
#78556
1c
#78560
0c
#78568
1c
#78576
0c
#78584
1c
#78588
0c
#78592
1c
#78604
0c
#78612
1c
#78616
0c
#78624
1c
#78632
0c
#78636
1c
#78640
0c
#78648
1c
#78656
0c
#78660
1c
#78664
0c
#78672
1c
#78676
0c
#78680
1c
#78688
0c
#78696
1c
#78700
0c
#78704
1c
#78708
0c
#78712
1c
#78716
0c
#78720
1c
#78724
0c
#78728
1c
#78732
0c
#78736
1c
#78744
0c
#78748
1c
#78752
0c
#78756
1c
#78760
0c
#78768
1c
#78776
0c
#78780
1c
#78784
0c
#78792
1c
#78800
0c
#78808
1c
#78812
0c
#78816
1c
#78824
0c
#78832
1c
#78840
0c
#78848
1c
#78860
0c
#78872
1c
#78876
0c
#78880
1c
#78888
0c
#78896
1c
#78904
0c
#78908
1c
#78912
0c
#78920
1c
#78928
0c
#78936
1c
#78940
0c
#78944
1c
#78948
0c
#78952
1c
#78960
0c
#78964
1c
#78968
0c
#78972
1c
#78976
0c
#78980
1c
#78984
0c
#78988
1c
#78992
0c
#78996
1c
#79000
0c
#79008
1c
#79012
0c
#79016
1c
#79024
0c
#79028
1c
#79032
0c
#79040
1c
#79048
0c
#79052
1c
#79056
0c
#79064
1c
#79068
0c
#79072
1c
#79080
0c
#79088
1c
#79096
0c
#79104
1c
#79116
0c
#79124
1c
#79128
0c
#79136
1c
#79144
0c
#79152
1c
#79160
0c
#79164
1c
#79168
0c
#79176
1c
#79184
0c
#79192
1c
#79196
0c
#79200
1c
#79204
0c
#79208
1c
#79216
0c
#79220
1c
#79224
0c
#79228
1c
#79232
0c
#79236
1c
#79240
0c
#79244
1c
#79248
0c
#79252
1c
#79256
0c
#79264
1c
#79268
0c
#79272
1c
#79280
0c
#79284
1c
#79288
0c
#79296
1c
#79304
0c
#79308
1c
#79312
0c
#79320
1c
#79324
0c
#79328
1c
#79336
0c
#79344
1c
#79352
0c
#79360
1c
#79372
0c
#79384
1c
#79388
0c
#79392
1c
#79400
0c
#79404
1c
#79408
0c
#79416
1c
#79424
0c
#79428
1c
#79432
0c
#79440
1c
#79444
0c
#79448
1c
#79456
0c
#79464
1c
#79468
0c
#79472
1c
#79476
0c
#79480
1c
#79484
0c
#79488
1c
#79492
0c
#79496
1c
#79500
0c
#79504
1c
#79512
0c
#79516
1c
#79520
0c
#79524
1c
#79528
0c
#79536
1c
#79544
0c
#79548
1c
#79552
0c
#79560
1c
#79568
0c
#79576
1c
#79580
0c
#79584
1c
#79592
0c
#79600
1c
#79608
0c
#79616
1c
#79628
0c
#79636
1c
#79640
0c
#79648
1c
#79656
0c
#79664
1c
#79668
0c
#79672
1c
#79676
0c
#79680
1c
#79684
0c
#79688
1c
#79692
0c
#79696
1c
#79704
0c
#79712
1c
#79720
0c
#79728
1c
#79732
0c
#79736
1c
#79744
0c
#79752
1c
#79760
0c
#79768
1c
#79776
0c
#79780
1c
#79784
0c
#79788
1c
#79792
0c
#79796
1c
#79800
0c
#79804
1c
#79808
0c
#79816
1c
#79824
0c
#79828
1c
#79832
0c
#79836
1c
#79840
0c
#79848
1c
#79856
0c
#79864
1c
#79868
0c
#79872
1c
#79884
0c
#79896
1c
#79900
0c
#79904
1c
#79908
0c
#79912
1c
#79920
0c
#79928
1c
#79936
0c
#79944
1c
#79952
0c
#79960
1c
#79968
0c
#79976
1c
#79984
0c
#79992
1c
#80000
0c
#80008
1c
#80016
0c
#80024
1c
#80032
0c
#80040
1c
#80048
0c
#80056
1c
#80064
0c
#80072
1c
#80080
0c
#80088
1c
#80092
0c
#80096
1c
#80104
0c
#80112
1c
#80120
0c
#80128
1c
#80140
0c
#80148
1c
#80152
0c
#80160
1c
#80168
0c
#80176
1c
#80184
0c
#80192
1c
#80200
0c
#80208
1c
#80216
0c
#80224
1c
#80232
0c
#80240
1c
#80248
0c
#80256
1c
#80264
0c
#80272
1c
#80280
0c
#80288
1c
#80296
0c
#80304
1c
#80312
0c
#80320
1c
#80328
0c
#80336
1c
#80344
0c
#80352
1c
#80360
0c
#80368
1c
#80376
0c
#80384
1c
#80396
0c
#80408
1c
#80412
0c
#80416
1c
#80424
0c
#80428
1c
#80432
0c
#80440
1c
#80448
0c
#80452
1c
#80456
0c
#80464
1c
#80468
0c
#80472
1c
#80480
0c
#80488
1c
#80492
0c
#80496
1c
#80500
0c
#80504
1c
#80508
0c
#80512
1c
#80516
0c
#80520
1c
#80524
0c
#80528
1c
#80536
0c
#80540
1c
#80544
0c
#80548
1c
#80552
0c
#80560
1c
#80568
0c
#80572
1c
#80576
0c
#80584
1c
#80592
0c
#80600
1c
#80604
0c
#80608
1c
#80616
0c
#80624
1c
#80632
0c
#80640
1c
#80652
0c
#80660
1c
#80664
0c
#80672
1c
#80680
0c
#80688
1c
#80692
0c
#80696
1c
#80704
0c
#80712
1c
#80720
0c
#80724
1c
#80728
0c
#80732
1c
#80736
0c
#80740
1c
#80744
0c
#80748
1c
#80752
0c
#80760
1c
#80764
0c
#80768
1c
#80772
0c
#80776
1c
#80780
0c
#80784
1c
#80788
0c
#80792
1c
#80796
0c
#80800
1c
#80808
0c
#80816
1c
#80824
0c
#80832
1c
#80836
0c
#80840
1c
#80844
0c
#80848
1c
#80856
0c
#80864
1c
#80872
0c
#80880
1c
#80888
0c
#80896
1c
#80908
0c
#80920
1c
#80924
0c
#80928
1c
#80936
0c
#80944
1c
#80952
0c
#80956
1c
#80960
0c
#80968
1c
#80976
0c
#80984
1c
#80988
0c
#80992
1c
#80996
0c
#81000
1c
#81008
0c
#81012
1c
#81016
0c
#81020
1c
#81024
0c
#81028
1c
#81032
0c
#81036
1c
#81040
0c
#81044
1c
#81048
0c
#81056
1c
#81060
0c
#81064
1c
#81072
0c
#81076
1c
#81080
0c
#81088
1c
#81096
0c
#81100
1c
#81104
0c
#81112
1c
#81116
0c
#81120
1c
#81128
0c
#81136
1c
#81144
0c
#81152
1c
#81164
0c
#81172
1c
#81176
0c
#81184
1c
#81192
0c
#81200
1c
#81208
0c
#81212
1c
#81216
0c
#81220
1c
#81224
0c
#81228
1c
#81232
0c
#81236
1c
#81240
0c
#81248
1c
#81256
0c
#81260
1c
#81264
0c
#81272
1c
#81280
0c
#81288
1c
#81296
0c
#81304
1c
#81308
0c
#81312
1c
#81320
0c
#81324
1c
#81328
0c
#81336
1c
#81340
0c
#81344
1c
#81348
0c
#81352
1c
#81360
0c
#81364
1c
#81368
0c
#81376
1c
#81384
0c
#81392
1c
#81400
0c
#81408
1c
#81420
0c
#81432
1c
#81436
0c
#81440
1c
#81448
0c
#81456
1c
#81460
0c
#81464
1c
#81468
0c
#81472
1c
#81476
0c
#81480
1c
#81484
0c
#81488
1c
#81496
0c
#81504
1c
#81512
0c
#81520
1c
#81524
0c
#81528
1c
#81536
0c
#81544
1c
#81552
0c
#81560
1c
#81568
0c
#81572
1c
#81576
0c
#81580
1c
#81584
0c
#81588
1c
#81592
0c
#81596
1c
#81600
0c
#81608
1c
#81616
0c
#81620
1c
#81624
0c
#81628
1c
#81632
0c
#81640
1c
#81648
0c
#81656
1c
#81660
0c
#81664
1c
#81676
0c
#81684
1c
#81688
0c
#81696
1c
#81704
0c
#81708
1c
#81712
0c
#81716
1c
#81720
0c
#81724
1c
#81728
0c
#81736
1c
#81740
0c
#81744
1c
#81752
0c
#81756
1c
#81760
0c
#81764
1c
#81768
0c
#81776
1c
#81784
0c
#81792
1c
#81800
0c
#81808
1c
#81812
0c
#81816
1c
#81824
0c
#81832
1c
#81836
0c
#81840
1c
#81844
0c
#81848
1c
#81856
0c
#81860
1c
#81864
0c
#81868
1c
#81872
0c
#81876
1c
#81880
0c
#81888
1c
#81896
0c
#81904
1c
#81912
0c
#81920
1c
#81932
0c
#81944
1c
#81948
0c
#81952
1c
#81960
0c
#81968
1c
#81976
0c
#81984
1c
#81992
0c
#82000
1c
#82008
0c
#82016
1c
#82024
0c
#82032
1c
#82040
0c
#82048
1c
#82056
0c
#82064
1c
#82072
0c
#82080
1c
#82088
0c
#82096
1c
#82104
0c
#82112
1c
#82120
0c
#82128
1c
#82136
0c
#82144
1c
#82152
0c
#82160
1c
#82168
0c
#82176
1c
#82188
0c
#82196
1c
#82200
0c
#82208
1c
#82212
0c
#82216
1c
#82220
0c
#82224
1c
#82228
0c
#82232
1c
#82236
0c
#82240
1c
#82244
0c
#82248
1c
#82252
0c
#82256
1c
#82260
0c
#82264
1c
#82268
0c
#82272
1c
#82276
0c
#82280
1c
#82284
0c
#82288
1c
#82292
0c
#82296
1c
#82300
0c
#82304
1c
#82308
0c
#82312
1c
#82316
0c
#82320
1c
#82324
0c
#82328
1c
#82332
0c
#82336
1c
#82340
0c
#82344
1c
#82348
0c
#82352
1c
#82356
0c
#82360
1c
#82364
0c
#82368
1c
#82372
0c
#82376
1c
#82380
0c
#82384
1c
#82388
0c
#82392
1c
#82400
0c
#82408
1c
#82416
0c
#82424
1c
#82428
0c
#82432
1c
#82444
0c
#82456
1c
#82460
0c
#82464
1c
#82472
0c
#82480
1c
#82484
0c
#82488
1c
#82496
0c
#82504
1c
#82512
0c
#82516
1c
#82520
0c
#82524
1c
#82528
0c
#82532
1c
#82536
0c
#82540
1c
#82544
0c
#82552
1c
#82556
0c
#82560
1c
#82564
0c
#82568
1c
#82572
0c
#82576
1c
#82580
0c
#82584
1c
#82588
0c
#82592
1c
#82600
0c
#82608
1c
#82616
0c
#82624
1c
#82628
0c
#82632
1c
#82636
0c
#82640
1c
#82648
0c
#82656
1c
#82664
0c
#82672
1c
#82680
0c
#82688
1c
#82700
0c
#82708
1c
#82712
0c
#82720
1c
#82728
0c
#82732
1c
#82736
0c
#82740
1c
#82744
0c
#82748
1c
#82752
0c
#82760
1c
#82764
0c
#82768
1c
#82776
0c
#82780
1c
#82784
0c
#82788
1c
#82792
0c
#82800
1c
#82808
0c
#82816
1c
#82824
0c
#82832
1c
#82836
0c
#82840
1c
#82848
0c
#82856
1c
#82860
0c
#82864
1c
#82868
0c
#82872
1c
#82880
0c
#82884
1c
#82888
0c
#82892
1c
#82896
0c
#82900
1c
#82904
0c
#82912
1c
#82920
0c
#82928
1c
#82936
0c
#82944
1c
#82956
0c
#82968
1c
#82972
0c
#82976
1c
#82984
0c
#82992
1c
#83000
0c
#83004
1c
#83008
0c
#83012
1c
#83016
0c
#83020
1c
#83024
0c
#83028
1c
#83032
0c
#83040
1c
#83048
0c
#83052
1c
#83056
0c
#83064
1c
#83072
0c
#83080
1c
#83088
0c
#83096
1c
#83100
0c
#83104
1c
#83112
0c
#83116
1c
#83120
0c
#83128
1c
#83132
0c
#83136
1c
#83140
0c
#83144
1c
#83152
0c
#83156
1c
#83160
0c
#83168
1c
#83176
0c
#83184
1c
#83192
0c
#83200
1c
#83212
0c
#83220
1c
#83224
0c
#83232
1c
#83240
0c
#83248
1c
#83256
0c
#83260
1c
#83264
0c
#83268
1c
#83272
0c
#83276
1c
#83280
0c
#83284
1c
#83288
0c
#83296
1c
#83304
0c
#83308
1c
#83312
0c
#83320
1c
#83328
0c
#83336
1c
#83344
0c
#83352
1c
#83356
0c
#83360
1c
#83368
0c
#83372
1c
#83376
0c
#83384
1c
#83388
0c
#83392
1c
#83396
0c
#83400
1c
#83408
0c
#83412
1c
#83416
0c
#83424
1c
#83432
0c
#83440
1c
#83448
0c
#83456
1c
#83468
0c
#83480
1c
#83484
0c
#83488
1c
#83496
0c
#83500
1c
#83504
0c
#83508
1c
#83512
0c
#83516
1c
#83520
0c
#83528
1c
#83532
0c
#83536
1c
#83544
0c
#83548
1c
#83552
0c
#83556
1c
#83560
0c
#83568
1c
#83576
0c
#83584
1c
#83592
0c
#83600
1c
#83604
0c
#83608
1c
#83616
0c
#83624
1c
#83628
0c
#83632
1c
#83636
0c
#83640
1c
#83648
0c
#83652
1c
#83656
0c
#83660
1c
#83664
0c
#83668
1c
#83672
0c
#83680
1c
#83688
0c
#83696
1c
#83704
0c
#83712
1c
#83724
0c
#83732
1c
#83736
0c
#83744
1c
#83752
0c
#83760
1c
#83764
0c
#83768
1c
#83776
0c
#83784
1c
#83792
0c
#83796
1c
#83800
0c
#83804
1c
#83808
0c
#83812
1c
#83816
0c
#83820
1c
#83824
0c
#83832
1c
#83836
0c
#83840
1c
#83844
0c
#83848
1c
#83852
0c
#83856
1c
#83860
0c
#83864
1c
#83868
0c
#83872
1c
#83880
0c
#83888
1c
#83896
0c
#83904
1c
#83908
0c
#83912
1c
#83916
0c
#83920
1c
#83928
0c
#83936
1c
#83944
0c
#83952
1c
#83960
0c
#83968
1c
#83980
0c
#83992
1c
#83996
0c
#84000
1c
#84004
0c
#84008
1c
#84012
0c
#84016
1c
#84020
0c
#84024
1c
#84028
0c
#84032
1c
#84036
0c
#84040
1c
#84044
0c
#84048
1c
#84052
0c
#84056
1c
#84060
0c
#84064
1c
#84068
0c
#84072
1c
#84076
0c
#84080
1c
#84084
0c
#84088
1c
#84092
0c
#84096
1c
#84100
0c
#84104
1c
#84108
0c
#84112
1c
#84116
0c
#84120
1c
#84124
0c
#84128
1c
#84132
0c
#84136
1c
#84140
0c
#84144
1c
#84148
0c
#84152
1c
#84156
0c
#84160
1c
#84164
0c
#84168
1c
#84172
0c
#84176
1c
#84180
0c
#84184
1c
#84192
0c
#84200
1c
#84208
0c
#84216
1c
#84220
0c
#84224
1c
#84236
0c
#84244
1c
#84248
0c
#84256
1c
#84264
0c
#84272
1c
#84280
0c
#84288
1c
#84296
0c
#84304
1c
#84312
0c
#84320
1c
#84328
0c
#84336
1c
#84344
0c
#84352
1c
#84360
0c
#84368
1c
#84376
0c
#84384
1c
#84392
0c
#84400
1c
#84408
0c
#84416
1c
#84424
0c
#84432
1c
#84440
0c
#84448
1c
#84456
0c
#84464
1c
#84472
0c
#84480
1c
#84492
0c
#84504
1c
#84508
0c
#84512
1c
#84520
0c
#84524
1c
#84528
0c
#84532
1c
#84536
0c
#84540
1c
#84544
0c
#84552
1c
#84556
0c
#84560
1c
#84568
0c
#84572
1c
#84576
0c
#84580
1c
#84584
0c
#84592
1c
#84600
0c
#84608
1c
#84616
0c
#84624
1c
#84628
0c
#84632
1c
#84640
0c
#84648
1c
#84652
0c
#84656
1c
#84660
0c
#84664
1c
#84672
0c
#84676
1c
#84680
0c
#84684
1c
#84688
0c
#84692
1c
#84696
0c
#84704
1c
#84712
0c
#84720
1c
#84728
0c
#84736
1c
#84748
0c
#84756
1c
#84760
0c
#84768
1c
#84776
0c
#84784
1c
#84788
0c
#84792
1c
#84796
0c
#84800
1c
#84804
0c
#84808
1c
#84812
0c
#84816
1c
#84824
0c
#84832
1c
#84840
0c
#84848
1c
#84852
0c
#84856
1c
#84864
0c
#84872
1c
#84880
0c
#84888
1c
#84896
0c
#84900
1c
#84904
0c
#84908
1c
#84912
0c
#84916
1c
#84920
0c
#84924
1c
#84928
0c
#84936
1c
#84944
0c
#84948
1c
#84952
0c
#84956
1c
#84960
0c
#84968
1c
#84976
0c
#84984
1c
#84988
0c
#84992
1c
#85004
0c
#85016
1c
#85020
0c
#85024
1c
#85032
0c
#85040
1c
#85048
0c
#85052
1c
#85056
0c
#85060
1c
#85064
0c
#85068
1c
#85072
0c
#85076
1c
#85080
0c
#85088
1c
#85096
0c
#85100
1c
#85104
0c
#85112
1c
#85120
0c
#85128
1c
#85136
0c
#85144
1c
#85148
0c
#85152
1c
#85160
0c
#85164
1c
#85168
0c
#85176
1c
#85180
0c
#85184
1c
#85188
0c
#85192
1c
#85200
0c
#85204
1c
#85208
0c
#85216
1c
#85224
0c
#85232
1c
#85240
0c
#85248
1c
#85260
0c
#85268
1c
#85272
0c
#85280
1c
#85288
0c
#85296
1c
#85304
0c
#85308
1c
#85312
0c
#85320
1c
#85328
0c
#85336
1c
#85340
0c
#85344
1c
#85348
0c
#85352
1c
#85360
0c
#85364
1c
#85368
0c
#85372
1c
#85376
0c
#85380
1c
#85384
0c
#85388
1c
#85392
0c
#85396
1c
#85400
0c
#85408
1c
#85412
0c
#85416
1c
#85424
0c
#85428
1c
#85432
0c
#85440
1c
#85448
0c
#85452
1c
#85456
0c
#85464
1c
#85468
0c
#85472
1c
#85480
0c
#85488
1c
#85496
0c
#85504
1c
#85516
0c
#85528
1c
#85532
0c
#85536
1c
#85544
0c
#85552
1c
#85556
0c
#85560
1c
#85568
0c
#85576
1c
#85584
0c
#85588
1c
#85592
0c
#85596
1c
#85600
0c
#85604
1c
#85608
0c
#85612
1c
#85616
0c
#85624
1c
#85628
0c
#85632
1c
#85636
0c
#85640
1c
#85644
0c
#85648
1c
#85652
0c
#85656
1c
#85660
0c
#85664
1c
#85672
0c
#85680
1c
#85688
0c
#85696
1c
#85700
0c
#85704
1c
#85708
0c
#85712
1c
#85720
0c
#85728
1c
#85736
0c
#85744
1c
#85752
0c
#85760
1c
#85772
0c
#85780
1c
#85784
0c
#85792
1c
#85800
0c
#85804
1c
#85808
0c
#85816
1c
#85824
0c
#85828
1c
#85832
0c
#85840
1c
#85844
0c
#85848
1c
#85856
0c
#85864
1c
#85868
0c
#85872
1c
#85876
0c
#85880
1c
#85884
0c
#85888
1c
#85892
0c
#85896
1c
#85900
0c
#85904
1c
#85912
0c
#85916
1c
#85920
0c
#85924
1c
#85928
0c
#85936
1c
#85944
0c
#85948
1c
#85952
0c
#85960
1c
#85968
0c
#85976
1c
#85980
0c
#85984
1c
#85992
0c
#86000
1c
#86008
0c
#86016
1c
#86028
0c
#86040
1c
#86044
0c
#86048
1c
#86056
0c
#86064
1c
#86072
0c
#86080
1c
#86088
0c
#86096
1c
#86104
0c
#86112
1c
#86120
0c
#86128
1c
#86136
0c
#86144
1c
#86152
0c
#86160
1c
#86168
0c
#86176
1c
#86184
0c
#86192
1c
#86200
0c
#86208
1c
#86216
0c
#86224
1c
#86232
0c
#86240
1c
#86248
0c
#86256
1c
#86264
0c
#86272
1c
#86284
0c
#86292
1c
#86296
0c
#86304
1c
#86308
0c
#86312
1c
#86320
0c
#86328
1c
#86336
0c
#86344
1c
#86352
0c
#86360
1c
#86368
0c
#86376
1c
#86384
0c
#86392
1c
#86400
0c
#86408
1c
#86416
0c
#86424
1c
#86432
0c
#86440
1c
#86448
0c
#86456
1c
#86464
0c
#86472
1c
#86480
0c
#86488
1c
#86492
0c
#86496
1c
#86504
0c
#86512
1c
#86520
0c
#86528
1c
#86540
0c
#86552
1c
#86556
0c
#86560
1c
#86568
0c
#86576
1c
#86580
0c
#86584
1c
#86588
0c
#86592
1c
#86596
0c
#86600
1c
#86604
0c
#86608
1c
#86616
0c
#86624
1c
#86632
0c
#86640
1c
#86644
0c
#86648
1c
#86656
0c
#86664
1c
#86672
0c
#86680
1c
#86688
0c
#86692
1c
#86696
0c
#86700
1c
#86704
0c
#86708
1c
#86712
0c
#86716
1c
#86720
0c
#86728
1c
#86736
0c
#86740
1c
#86744
0c
#86748
1c
#86752
0c
#86760
1c
#86768
0c
#86776
1c
#86780
0c
#86784
1c
#86796
0c
#86804
1c
#86808
0c
#86816
1c
#86824
0c
#86828
1c
#86832
0c
#86840
1c
#86848
0c
#86852
1c
#86856
0c
#86864
1c
#86868
0c
#86872
1c
#86880
0c
#86888
1c
#86892
0c
#86896
1c
#86900
0c
#86904
1c
#86908
0c
#86912
1c
#86916
0c
#86920
1c
#86924
0c
#86928
1c
#86936
0c
#86940
1c
#86944
0c
#86948
1c
#86952
0c
#86960
1c
#86968
0c
#86972
1c
#86976
0c
#86984
1c
#86992
0c
#87000
1c
#87004
0c
#87008
1c
#87016
0c
#87024
1c
#87032
0c
#87040
1c
#87052
0c
#87064
1c
#87068
0c
#87072
1c
#87080
0c
#87088
1c
#87096
0c
#87100
1c
#87104
0c
#87112
1c
#87120
0c
#87128
1c
#87132
0c
#87136
1c
#87140
0c
#87144
1c
#87152
0c
#87156
1c
#87160
0c
#87164
1c
#87168
0c
#87172
1c
#87176
0c
#87180
1c
#87184
0c
#87188
1c
#87192
0c
#87200
1c
#87204
0c
#87208
1c
#87216
0c
#87220
1c
#87224
0c
#87232
1c
#87240
0c
#87244
1c
#87248
0c
#87256
1c
#87260
0c
#87264
1c
#87272
0c
#87280
1c
#87288
0c
#87296
1c
#87308
0c
#87316
1c
#87320
0c
#87328
1c
#87336
0c
#87344
1c
#87352
0c
#87356
1c
#87360
0c
#87368
1c
#87376
0c
#87384
1c
#87388
0c
#87392
1c
#87396
0c
#87400
1c
#87408
0c
#87412
1c
#87416
0c
#87420
1c
#87424
0c
#87428
1c
#87432
0c
#87436
1c
#87440
0c
#87444
1c
#87448
0c
#87456
1c
#87460
0c
#87464
1c
#87472
0c
#87476
1c
#87480
0c
#87488
1c
#87496
0c
#87500
1c
#87504
0c
#87512
1c
#87516
0c
#87520
1c
#87528
0c
#87536
1c
#87544
0c
#87552
1c
#87564
0c
#87576
1c
#87580
0c
#87584
1c
#87592
0c
#87596
1c
#87600
0c
#87608
1c
#87616
0c
#87620
1c
#87624
0c
#87632
1c
#87636
0c
#87640
1c
#87648
0c
#87656
1c
#87660
0c
#87664
1c
#87668
0c
#87672
1c
#87676
0c
#87680
1c
#87684
0c
#87688
1c
#87692
0c
#87696
1c
#87704
0c
#87708
1c
#87712
0c
#87716
1c
#87720
0c
#87728
1c
#87736
0c
#87740
1c
#87744
0c
#87752
1c
#87760
0c
#87768
1c
#87772
0c
#87776
1c
#87784
0c
#87792
1c
#87800
0c
#87808
1c
#87820
0c
#87828
1c
#87832
0c
#87840
1c
#87848
0c
#87856
1c
#87860
0c
#87864
1c
#87868
0c
#87872
1c
#87876
0c
#87880
1c
#87884
0c
#87888
1c
#87896
0c
#87904
1c
#87912
0c
#87920
1c
#87924
0c
#87928
1c
#87936
0c
#87944
1c
#87952
0c
#87960
1c
#87968
0c
#87972
1c
#87976
0c
#87980
1c
#87984
0c
#87988
1c
#87992
0c
#87996
1c
#88000
0c
#88008
1c
#88016
0c
#88020
1c
#88024
0c
#88028
1c
#88032
0c
#88040
1c
#88048
0c
#88056
1c
#88060
0c
#88064
1c
#88076
0c
#88088
1c
#88092
0c
#88096
1c
#88100
0c
#88104
1c
#88112
0c
#88120
1c
#88128
0c
#88136
1c
#88144
0c
#88152
1c
#88160
0c
#88168
1c
#88176
0c
#88184
1c
#88192
0c
#88200
1c
#88208
0c
#88216
1c
#88224
0c
#88232
1c
#88240
0c
#88248
1c
#88256
0c
#88264
1c
#88272
0c
#88280
1c
#88284
0c
#88288
1c
#88296
0c
#88304
1c
#88312
0c
#88320
1c
#88332
0c
#88340
1c
#88344
0c
#88352
1c
#88360
0c
#88368
1c
#88376
0c
#88384
1c
#88392
0c
#88400
1c
#88408
0c
#88416
1c
#88424
0c
#88432
1c
#88440
0c
#88448
1c
#88456
0c
#88464
1c
#88472
0c
#88480
1c
#88488
0c
#88496
1c
#88504
0c
#88512
1c
#88520
0c
#88528
1c
#88536
0c
#88544
1c
#88552
0c
#88560
1c
#88568
0c
#88576
1c
#88588
0c
#88600
1c
#88604
0c
#88608
1c
#88616
0c
#88620
1c
#88624
0c
#88632
1c
#88640
0c
#88644
1c
#88648
0c
#88656
1c
#88660
0c
#88664
1c
#88672
0c
#88680
1c
#88684
0c
#88688
1c
#88692
0c
#88696
1c
#88700
0c
#88704
1c
#88708
0c
#88712
1c
#88716
0c
#88720
1c
#88728
0c
#88732
1c
#88736
0c
#88740
1c
#88744
0c
#88752
1c
#88760
0c
#88764
1c
#88768
0c
#88776
1c
#88784
0c
#88792
1c
#88796
0c
#88800
1c
#88808
0c
#88816
1c
#88824
0c
#88832
1c
#88844
0c
#88852
1c
#88856
0c
#88864
1c
#88872
0c
#88880
1c
#88884
0c
#88888
1c
#88896
0c
#88904
1c
#88912
0c
#88916
1c
#88920
0c
#88924
1c
#88928
0c
#88932
1c
#88936
0c
#88940
1c
#88944
0c
#88952
1c
#88956
0c
#88960
1c
#88964
0c
#88968
1c
#88972
0c
#88976
1c
#88980
0c
#88984
1c
#88988
0c
#88992
1c
#89000
0c
#89008
1c
#89016
0c
#89024
1c
#89028
0c
#89032
1c
#89036
0c
#89040
1c
#89048
0c
#89056
1c
#89064
0c
#89072
1c
#89080
0c
#89088
1c
#89100
0c
#89112
1c
#89116
0c
#89120
1c
#89128
0c
#89136
1c
#89144
0c
#89148
1c
#89152
0c
#89160
1c
#89168
0c
#89176
1c
#89180
0c
#89184
1c
#89188
0c
#89192
1c
#89200
0c
#89204
1c
#89208
0c
#89212
1c
#89216
0c
#89220
1c
#89224
0c
#89228
1c
#89232
0c
#89236
1c
#89240
0c
#89248
1c
#89252
0c
#89256
1c
#89264
0c
#89268
1c
#89272
0c
#89280
1c
#89288
0c
#89292
1c
#89296
0c
#89304
1c
#89308
0c
#89312
1c
#89320
0c
#89328
1c
#89336
0c
#89344
1c
#89356
0c
#89364
1c
#89368
0c
#89376
1c
#89384
0c
#89392
1c
#89400
0c
#89404
1c
#89408
0c
#89412
1c
#89416
0c
#89420
1c
#89424
0c
#89428
1c
#89432
0c
#89440
1c
#89448
0c
#89452
1c
#89456
0c
#89464
1c
#89472
0c
#89480
1c
#89488
0c
#89496
1c
#89500
0c
#89504
1c
#89512
0c
#89516
1c
#89520
0c
#89528
1c
#89532
0c
#89536
1c
#89540
0c
#89544
1c
#89552
0c
#89556
1c
#89560
0c
#89568
1c
#89576
0c
#89584
1c
#89592
0c
#89600
1c
#89612
0c
#89624
1c
#89628
0c
#89632
1c
#89640
0c
#89648
1c
#89652
0c
#89656
1c
#89660
0c
#89664
1c
#89668
0c
#89672
1c
#89676
0c
#89680
1c
#89688
0c
#89696
1c
#89704
0c
#89712
1c
#89716
0c
#89720
1c
#89728
0c
#89736
1c
#89744
0c
#89752
1c
#89760
0c
#89764
1c
#89768
0c
#89772
1c
#89776
0c
#89780
1c
#89784
0c
#89788
1c
#89792
0c
#89800
1c
#89808
0c
#89812
1c
#89816
0c
#89820
1c
#89824
0c
#89832
1c
#89840
0c
#89848
1c
#89852
0c
#89856
1c
#89868
0c
#89876
1c
#89880
0c
#89888
1c
#89896
0c
#89900
1c
#89904
0c
#89908
1c
#89912
0c
#89916
1c
#89920
0c
#89928
1c
#89932
0c
#89936
1c
#89944
0c
#89948
1c
#89952
0c
#89956
1c
#89960
0c
#89968
1c
#89976
0c
#89984
1c
#89992
0c
#90000
1c
#90004
0c
#90008
1c
#90016
0c
#90024
1c
#90028
0c
#90032
1c
#90036
0c
#90040
1c
#90048
0c
#90052
1c
#90056
0c
#90060
1c
#90064
0c
#90068
1c
#90072
0c
#90080
1c
#90088
0c
#90096
1c
#90104
0c
#90112
1c
#90124
0c
#90136
1c
#90140
0c
#90144
1c
#90152
0c
#90160
1c
#90168
0c
#90176
1c
#90184
0c
#90192
1c
#90200
0c
#90208
1c
#90216
0c
#90224
1c
#90232
0c
#90240
1c
#90248
0c
#90256
1c
#90264
0c
#90272
1c
#90280
0c
#90288
1c
#90296
0c
#90304
1c
#90312
0c
#90320
1c
#90328
0c
#90336
1c
#90344
0c
#90352
1c
#90360
0c
#90368
1c
#90380
0c
#90388
1c
#90392
0c
#90400
1c
#90404
0c
#90408
1c
#90412
0c
#90416
1c
#90420
0c
#90424
1c
#90428
0c
#90432
1c
#90436
0c
#90440
1c
#90444
0c
#90448
1c
#90452
0c
#90456
1c
#90460
0c
#90464
1c
#90468
0c
#90472
1c
#90476
0c
#90480
1c
#90484
0c
#90488
1c
#90492
0c
#90496
1c
#90500
0c
#90504
1c
#90508
0c
#90512
1c
#90516
0c
#90520
1c
#90524
0c
#90528
1c
#90532
0c
#90536
1c
#90540
0c
#90544
1c
#90548
0c
#90552
1c
#90556
0c
#90560
1c
#90564
0c
#90568
1c
#90572
0c
#90576
1c
#90580
0c
#90584
1c
#90592
0c
#90600
1c
#90608
0c
#90616
1c
#90620
0c
#90624
1c
#90636
0c
#90648
1c
#90652
0c
#90656
1c
#90664
0c
#90672
1c
#90676
0c
#90680
1c
#90688
0c
#90696
1c
#90704
0c
#90708
1c
#90712
0c
#90716
1c
#90720
0c
#90724
1c
#90728
0c
#90732
1c
#90736
0c
#90744
1c
#90748
0c
#90752
1c
#90756
0c
#90760
1c
#90764
0c
#90768
1c
#90772
0c
#90776
1c
#90780
0c
#90784
1c
#90792
0c
#90800
1c
#90808
0c
#90816
1c
#90820
0c
#90824
1c
#90828
0c
#90832
1c
#90840
0c
#90848
1c
#90856
0c
#90864
1c
#90872
0c
#90880
1c
#90892
0c
#90900
1c
#90904
0c
#90912
1c
#90920
0c
#90924
1c
#90928
0c
#90932
1c
#90936
0c
#90940
1c
#90944
0c
#90952
1c
#90956
0c
#90960
1c
#90968
0c
#90972
1c
#90976
0c
#90980
1c
#90984
0c
#90992
1c
#91000
0c
#91008
1c
#91016
0c
#91024
1c
#91028
0c
#91032
1c
#91040
0c
#91048
1c
#91052
0c
#91056
1c
#91060
0c
#91064
1c
#91072
0c
#91076
1c
#91080
0c
#91084
1c
#91088
0c
#91092
1c
#91096
0c
#91104
1c
#91112
0c
#91120
1c
#91128
0c
#91136
1c
#91148
0c
#91160
1c
#91164
0c
#91168
1c
#91176
0c
#91184
1c
#91192
0c
#91196
1c
#91200
0c
#91204
1c
#91208
0c
#91212
1c
#91216
0c
#91220
1c
#91224
0c
#91232
1c
#91240
0c
#91244
1c
#91248
0c
#91256
1c
#91264
0c
#91272
1c
#91280
0c
#91288
1c
#91292
0c
#91296
1c
#91304
0c
#91308
1c
#91312
0c
#91320
1c
#91324
0c
#91328
1c
#91332
0c
#91336
1c
#91344
0c
#91348
1c
#91352
0c
#91360
1c
#91368
0c
#91376
1c
#91384
0c
#91392
1c
#91404
0c
#91412
1c
#91416
0c
#91424
1c
#91432
0c
#91440
1c
#91448
0c
#91452
1c
#91456
0c
#91460
1c
#91464
0c
#91468
1c
#91472
0c
#91476
1c
#91480
0c
#91488
1c
#91496
0c
#91500
1c
#91504
0c
#91512
1c
#91520
0c
#91528
1c
#91536
0c
#91544
1c
#91548
0c
#91552
1c
#91560
0c
#91564
1c
#91568
0c
#91576
1c
#91580
0c
#91584
1c
#91588
0c
#91592
1c
#91600
0c
#91604
1c
#91608
0c
#91616
1c
#91624
0c
#91632
1c
#91640
0c
#91648
1c
#91660
0c
#91672
1c
#91676
0c
#91680
1c
#91688
0c
#91692
1c
#91696
0c
#91700
1c
#91704
0c
#91708
1c
#91712
0c
#91720
1c
#91724
0c
#91728
1c
#91736
0c
#91740
1c
#91744
0c
#91748
1c
#91752
0c
#91760
1c
#91768
0c
#91776
1c
#91784
0c
#91792
1c
#91796
0c
#91800
1c
#91808
0c
#91816
1c
#91820
0c
#91824
1c
#91828
0c
#91832
1c
#91840
0c
#91844
1c
#91848
0c
#91852
1c
#91856
0c
#91860
1c
#91864
0c
#91872
1c
#91880
0c
#91888
1c
#91896
0c
#91904
1c
#91916
0c
#91924
1c
#91928
0c
#91936
1c
#91944
0c
#91952
1c
#91956
0c
#91960
1c
#91968
0c
#91976
1c
#91984
0c
#91988
1c
#91992
0c
#91996
1c
#92000
0c
#92004
1c
#92008
0c
#92012
1c
#92016
0c
#92024
1c
#92028
0c
#92032
1c
#92036
0c
#92040
1c
#92044
0c
#92048
1c
#92052
0c
#92056
1c
#92060
0c
#92064
1c
#92072
0c
#92080
1c
#92088
0c
#92096
1c
#92100
0c
#92104
1c
#92108
0c
#92112
1c
#92120
0c
#92128
1c
#92136
0c
#92144
1c
#92152
0c
#92160
1c
#92172
0c
#92184
1c
#92188
0c
#92192
1c
#92196
0c
#92200
1c
#92204
0c
#92208
1c
#92212
0c
#92216
1c
#92220
0c
#92224
1c
#92228
0c
#92232
1c
#92236
0c
#92240
1c
#92244
0c
#92248
1c
#92252
0c
#92256
1c
#92260
0c
#92264
1c
#92268
0c
#92272
1c
#92276
0c
#92280
1c
#92284
0c
#92288
1c
#92292
0c
#92296
1c
#92300
0c
#92304
1c
#92308
0c
#92312
1c
#92316
0c
#92320
1c
#92324
0c
#92328
1c
#92332
0c
#92336
1c
#92340
0c
#92344
1c
#92348
0c
#92352
1c
#92356
0c
#92360
1c
#92364
0c
#92368
1c
#92372
0c
#92376
1c
#92384
0c
#92392
1c
#92400
0c
#92408
1c
#92412
0c
#92416
1c
#92428
0c
#92436
1c
#92440
0c
#92448
1c
#92456
0c
#92464
1c
#92472
0c
#92480
1c
#92488
0c
#92496
1c
#92504
0c
#92512
1c
#92520
0c
#92528
1c
#92536
0c
#92544
1c
#92552
0c
#92560
1c
#92568
0c
#92576
1c
#92584
0c
#92592
1c
#92600
0c
#92608
1c
#92616
0c
#92624
1c
#92632
0c
#92640
1c
#92648
0c
#92656
1c
#92664
0c
#92672
1c
#92684
0c
#92696
1c
#92700
0c
#92704
1c
#92712
0c
#92716
1c
#92720
0c
#92724
1c
#92728
0c
#92732
1c
#92736
0c
#92744
1c
#92748
0c
#92752
1c
#92760
0c
#92764
1c
#92768
0c
#92772
1c
#92776
0c
#92784
1c
#92792
0c
#92800
1c
#92808
0c
#92816
1c
#92820
0c
#92824
1c
#92832
0c
#92840
1c
#92844
0c
#92848
1c
#92852
0c
#92856
1c
#92864
0c
#92868
1c
#92872
0c
#92876
1c
#92880
0c
#92884
1c
#92888
0c
#92896
1c
#92904
0c
#92912
1c
#92920
0c
#92928
1c
#92940
0c
#92948
1c
#92952
0c
#92960
1c
#92968
0c
#92976
1c
#92980
0c
#92984
1c
#92988
0c
#92992
1c
#92996
0c
#93000
1c
#93004
0c
#93008
1c
#93016
0c
#93024
1c
#93032
0c
#93040
1c
#93044
0c
#93048
1c
#93056
0c
#93064
1c
#93072
0c
#93080
1c
#93088
0c
#93092
1c
#93096
0c
#93100
1c
#93104
0c
#93108
1c
#93112
0c
#93116
1c
#93120
0c
#93128
1c
#93136
0c
#93140
1c
#93144
0c
#93148
1c
#93152
0c
#93160
1c
#93168
0c
#93176
1c
#93180
0c
#93184
1c
#93196
0c
#93208
1c
#93212
0c
#93216
1c
#93224
0c
#93232
1c
#93240
0c
#93244
1c
#93248
0c
#93252
1c
#93256
0c
#93260
1c
#93264
0c
#93268
1c
#93272
0c
#93280
1c
#93288
0c
#93292
1c
#93296
0c
#93304
1c
#93312
0c
#93320
1c
#93328
0c
#93336
1c
#93340
0c
#93344
1c
#93352
0c
#93356
1c
#93360
0c
#93368
1c
#93372
0c
#93376
1c
#93380
0c
#93384
1c
#93392
0c
#93396
1c
#93400
0c
#93408
1c
#93416
0c
#93424
1c
#93432
0c
#93440
1c
#93452
0c
#93460
1c
#93464
0c
#93472
1c
#93480
0c
#93488
1c
#93496
0c
#93500
1c
#93504
0c
#93512
1c
#93520
0c
#93528
1c
#93532
0c
#93536
1c
#93540
0c
#93544
1c
#93552
0c
#93556
1c
#93560
0c
#93564
1c
#93568
0c
#93572
1c
#93576
0c
#93580
1c
#93584
0c
#93588
1c
#93592
0c
#93600
1c
#93604
0c
#93608
1c
#93616
0c
#93620
1c
#93624
0c
#93632
1c
#93640
0c
#93644
1c
#93648
0c
#93656
1c
#93660
0c
#93664
1c
#93672
0c
#93680
1c
#93688
0c
#93696
1c
#93708
0c
#93720
1c
#93724
0c
#93728
1c
#93736
0c
#93744
1c
#93748
0c
#93752
1c
#93760
0c
#93768
1c
#93776
0c
#93780
1c
#93784
0c
#93788
1c
#93792
0c
#93796
1c
#93800
0c
#93804
1c
#93808
0c
#93816
1c
#93820
0c
#93824
1c
#93828
0c
#93832
1c
#93836
0c
#93840
1c
#93844
0c
#93848
1c
#93852
0c
#93856
1c
#93864
0c
#93872
1c
#93880
0c
#93888
1c
#93892
0c
#93896
1c
#93900
0c
#93904
1c
#93912
0c
#93920
1c
#93928
0c
#93936
1c
#93944
0c
#93952
1c
#93964
0c
#93972
1c
#93976
0c
#93984
1c
#93992
0c
#93996
1c
#94000
0c
#94008
1c
#94016
0c
#94020
1c
#94024
0c
#94032
1c
#94036
0c
#94040
1c
#94048
0c
#94056
1c
#94060
0c
#94064
1c
#94068
0c
#94072
1c
#94076
0c
#94080
1c
#94084
0c
#94088
1c
#94092
0c
#94096
1c
#94104
0c
#94108
1c
#94112
0c
#94116
1c
#94120
0c
#94128
1c
#94136
0c
#94140
1c
#94144
0c
#94152
1c
#94160
0c
#94168
1c
#94172
0c
#94176
1c
#94184
0c
#94192
1c
#94200
0c
#94208
1c
#94220
0c
#94232
1c
#94236
0c
#94240
1c
#94248
0c
#94256
1c
#94264
0c
#94272
1c
#94280
0c
#94288
1c
#94296
0c
#94304
1c
#94312
0c
#94320
1c
#94328
0c
#94336
1c
#94344
0c
#94352
1c
#94360
0c
#94368
1c
#94376
0c
#94384
1c
#94392
0c
#94400
1c
#94408
0c
#94416
1c
#94424
0c
#94432
1c
#94440
0c
#94448
1c
#94456
0c
#94464
1c
#94476
0c
#94484
1c
#94488
0c
#94496
1c
#94500
0c
#94504
1c
#94512
0c
#94520
1c
#94528
0c
#94536
1c
#94544
0c
#94552
1c
#94560
0c
#94568
1c
#94576
0c
#94584
1c
#94592
0c
#94600
1c
#94608
0c
#94616
1c
#94624
0c
#94632
1c
#94640
0c
#94648
1c
#94656
0c
#94664
1c
#94672
0c
#94680
1c
#94684
0c
#94688
1c
#94696
0c
#94704
1c
#94712
0c
#94720
1c
#94732
0c
#94744
1c
#94748
0c
#94752
1c
#94760
0c
#94768
1c
#94772
0c
#94776
1c
#94780
0c
#94784
1c
#94788
0c
#94792
1c
#94796
0c
#94800
1c
#94808
0c
#94816
1c
#94824
0c
#94832
1c
#94836
0c
#94840
1c
#94848
0c
#94856
1c
#94864
0c
#94872
1c
#94880
0c
#94884
1c
#94888
0c
#94892
1c
#94896
0c
#94900
1c
#94904
0c
#94908
1c
#94912
0c
#94920
1c
#94928
0c
#94932
1c
#94936
0c
#94940
1c
#94944
0c
#94952
1c
#94960
0c
#94968
1c
#94972
0c
#94976
1c
#94988
0c
#94996
1c
#95000
0c
#95008
1c
#95016
0c
#95020
1c
#95024
0c
#95032
1c
#95040
0c
#95044
1c
#95048
0c
#95056
1c
#95060
0c
#95064
1c
#95072
0c
#95080
1c
#95084
0c
#95088
1c
#95092
0c
#95096
1c
#95100
0c
#95104
1c
#95108
0c
#95112
1c
#95116
0c
#95120
1c
#95128
0c
#95132
1c
#95136
0c
#95140
1c
#95144
0c
#95152
1c
#95160
0c
#95164
1c
#95168
0c
#95176
1c
#95184
0c
#95192
1c
#95196
0c
#95200
1c
#95208
0c
#95216
1c
#95224
0c
#95232
1c
#95244
0c
#95256
1c
#95260
0c
#95264
1c
#95272
0c
#95280
1c
#95288
0c
#95292
1c
#95296
0c
#95304
1c
#95312
0c
#95320
1c
#95324
0c
#95328
1c
#95332
0c
#95336
1c
#95344
0c
#95348
1c
#95352
0c
#95356
1c
#95360
0c
#95364
1c
#95368
0c
#95372
1c
#95376
0c
#95380
1c
#95384
0c
#95392
1c
#95396
0c
#95400
1c
#95408
0c
#95412
1c
#95416
0c
#95424
1c
#95432
0c
#95436
1c
#95440
0c
#95448
1c
#95452
0c
#95456
1c
#95464
0c
#95472
1c
#95480
0c
#95488
1c
#95500
0c
#95508
1c
#95512
0c
#95520
1c
#95528
0c
#95536
1c
#95544
0c
#95548
1c
#95552
0c
#95560
1c
#95568
0c
#95576
1c
#95580
0c
#95584
1c
#95588
0c
#95592
1c
#95600
0c
#95604
1c
#95608
0c
#95612
1c
#95616
0c
#95620
1c
#95624
0c
#95628
1c
#95632
0c
#95636
1c
#95640
0c
#95648
1c
#95652
0c
#95656
1c
#95664
0c
#95668
1c
#95672
0c
#95680
1c
#95688
0c
#95692
1c
#95696
0c
#95704
1c
#95708
0c
#95712
1c
#95720
0c
#95728
1c
#95736
0c
#95744
1c
#95756
0c
#95768
1c
#95772
0c
#95776
1c
#95784
0c
#95788
1c
#95792
0c
#95800
1c
#95808
0c
#95812
1c
#95816
0c
#95824
1c
#95828
0c
#95832
1c
#95840
0c
#95848
1c
#95852
0c
#95856
1c
#95860
0c
#95864
1c
#95868
0c
#95872
1c
#95876
0c
#95880
1c
#95884
0c
#95888
1c
#95896
0c
#95900
1c
#95904
0c
#95908
1c
#95912
0c
#95920
1c
#95928
0c
#95932
1c
#95936
0c
#95944
1c
#95952
0c
#95960
1c
#95964
0c
#95968
1c
#95976
0c
#95984
1c
#95992
0c
#96000
1c
#96012
0c
#96020
1c
#96024
0c
#96032
1c
#96040
0c
#96048
1c
#96052
0c
#96056
1c
#96060
0c
#96064
1c
#96068
0c
#96072
1c
#96076
0c
#96080
1c
#96088
0c
#96096
1c
#96104
0c
#96112
1c
#96116
0c
#96120
1c
#96128
0c
#96136
1c
#96144
0c
#96152
1c
#96160
0c
#96164
1c
#96168
0c
#96172
1c
#96176
0c
#96180
1c
#96184
0c
#96188
1c
#96192
0c
#96200
1c
#96208
0c
#96212
1c
#96216
0c
#96220
1c
#96224
0c
#96232
1c
#96240
0c
#96248
1c
#96252
0c
#96256
1c
#96268
0c
#96280
1c
#96284
0c
#96288
1c
#96292
0c
#96296
1c
#96304
0c
#96312
1c
#96320
0c
#96328
1c
#96336
0c
#96344
1c
#96352
0c
#96360
1c
#96368
0c
#96376
1c
#96384
0c
#96392
1c
#96400
0c
#96408
1c
#96416
0c
#96424
1c
#96432
0c
#96440
1c
#96448
0c
#96456
1c
#96464
0c
#96472
1c
#96476
0c
#96480
1c
#96488
0c
#96496
1c
#96504
0c
#96512
1c
#96524
0c
#96532
1c
#96536
0c
#96544
1c
#96552
0c
#96560
1c
#96568
0c
#96576
1c
#96584
0c
#96592
1c
#96600
0c
#96608
1c
#96616
0c
#96624
1c
#96632
0c
#96640
1c
#96648
0c
#96656
1c
#96664
0c
#96672
1c
#96680
0c
#96688
1c
#96696
0c
#96704
1c
#96712
0c
#96720
1c
#96728
0c
#96736
1c
#96744
0c
#96752
1c
#96760
0c
#96768
1c
#96780
0c
#96792
1c
#96796
0c
#96800
1c
#96808
0c
#96812
1c
#96816
0c
#96824
1c
#96832
0c
#96836
1c
#96840
0c
#96848
1c
#96852
0c
#96856
1c
#96864
0c
#96872
1c
#96876
0c
#96880
1c
#96884
0c
#96888
1c
#96892
0c
#96896
1c
#96900
0c
#96904
1c
#96908
0c
#96912
1c
#96920
0c
#96924
1c
#96928
0c
#96932
1c
#96936
0c
#96944
1c
#96952
0c
#96956
1c
#96960
0c
#96968
1c
#96976
0c
#96984
1c
#96988
0c
#96992
1c
#97000
0c
#97008
1c
#97016
0c
#97024
1c
#97036
0c
#97044
1c
#97048
0c
#97056
1c
#97064
0c
#97072
1c
#97076
0c
#97080
1c
#97088
0c
#97096
1c
#97104
0c
#97108
1c
#97112
0c
#97116
1c
#97120
0c
#97124
1c
#97128
0c
#97132
1c
#97136
0c
#97144
1c
#97148
0c
#97152
1c
#97156
0c
#97160
1c
#97164
0c
#97168
1c
#97172
0c
#97176
1c
#97180
0c
#97184
1c
#97192
0c
#97200
1c
#97208
0c
#97216
1c
#97220
0c
#97224
1c
#97228
0c
#97232
1c
#97240
0c
#97248
1c
#97256
0c
#97264
1c
#97272
0c
#97280
1c
#97292
0c
#97304
1c
#97308
0c
#97312
1c
#97320
0c
#97328
1c
#97336
0c
#97340
1c
#97344
0c
#97352
1c
#97360
0c
#97368
1c
#97372
0c
#97376
1c
#97380
0c
#97384
1c
#97392
0c
#97396
1c
#97400
0c
#97404
1c
#97408
0c
#97412
1c
#97416
0c
#97420
1c
#97424
0c
#97428
1c
#97432
0c
#97440
1c
#97444
0c
#97448
1c
#97456
0c
#97460
1c
#97464
0c
#97472
1c
#97480
0c
#97484
1c
#97488
0c
#97496
1c
#97500
0c
#97504
1c
#97512
0c
#97520
1c
#97528
0c
#97536
1c
#97548
0c
#97556
1c
#97560
0c
#97568
1c
#97576
0c
#97584
1c
#97592
0c
#97596
1c
#97600
0c
#97604
1c
#97608
0c
#97612
1c
#97616
0c
#97620
1c
#97624
0c
#97632
1c
#97640
0c
#97644
1c
#97648
0c
#97656
1c
#97664
0c
#97672
1c
#97680
0c
#97688
1c
#97692
0c
#97696
1c
#97704
0c
#97708
1c
#97712
0c
#97720
1c
#97724
0c
#97728
1c
#97732
0c
#97736
1c
#97744
0c
#97748
1c
#97752
0c
#97760
1c
#97768
0c
#97776
1c
#97784
0c
#97792
1c
#97804
0c
#97816
1c
#97820
0c
#97824
1c
#97832
0c
#97840
1c
#97844
0c
#97848
1c
#97852
0c
#97856
1c
#97860
0c
#97864
1c
#97868
0c
#97872
1c
#97880
0c
#97888
1c
#97896
0c
#97904
1c
#97908
0c
#97912
1c
#97920
0c
#97928
1c
#97936
0c
#97944
1c
#97952
0c
#97956
1c
#97960
0c
#97964
1c
#97968
0c
#97972
1c
#97976
0c
#97980
1c
#97984
0c
#97992
1c
#98000
0c
#98004
1c
#98008
0c
#98012
1c
#98016
0c
#98024
1c
#98032
0c
#98040
1c
#98044
0c
#98048
1c
#98060
0c
#98068
1c
#98072
0c
#98080
1c
#98088
0c
#98092
1c
#98096
0c
#98100
1c
#98104
0c
#98108
1c
#98112
0c
#98120
1c
#98124
0c
#98128
1c
#98136
0c
#98140
1c
#98144
0c
#98148
1c
#98152
0c
#98160
1c
#98168
0c
#98176
1c
#98184
0c
#98192
1c
#98196
0c
#98200
1c
#98208
0c
#98216
1c
#98220
0c
#98224
1c
#98228
0c
#98232
1c
#98240
0c
#98244
1c
#98248
0c
#98252
1c
#98256
0c
#98260
1c
#98264
0c
#98272
1c
#98280
0c
#98288
1c
#98296
0c
#98304
1c
